Workbook

Sheet Servicios
A1: O1 | B1: Retina
A2: O2 | B2: Glaucoma
A3: O3 | B3: Oculoplastia
A4: O4 | B4: Cornea y segemento
A5: O5 | B5: Estrabología y pediatría
A6: O6 | B6: Oftalmología paquete
A7: O7 | B7: Pre retina
A8: O8 | B8: Pre glaucoma
A9: O9 | B9: Oftalmología normal
A10: O10 | B10: Anamnesis
A11: O11 | B11: Constroles consulta
A12: O12 | B12: Controles Post
... A54: U3 | B54: Optometría UIS

Sheet Trabajadores
A1: ="T"&_xlfn.SEQUENCE(36,1,1,1) -> T1 | B1: LUIS MIGUEL GIRON
A2: T2 | B2: DIEGO GUARIN
A3: T3 | B3: NICOHOL ANDRES TOVAR
A4: T4 | B4: MARYUDI VELANDIA
A5: T5 | B5: GERMAN HERNANDEZ
A6: T6 | B6: ADRIANA BAYONA
A7: T7 | B7: JOSE LUIS MEJIA
A8: T8 | B8: LUIS EDUARDO PAZ
A9: T9 | B9: ANA SANMIGUEL
A10: T10 | B10: NATALIA CORREA
A11: T11 | B11: TERESA ORDOÑEZ
A12: T12 | B12: MARIA CAMILA PLATA
A13: T13 | B13: SERGIO MORENO
... A45: T45 | B45: PRACTICANTE 5

Sheet Consultorios
B1: S1 | C1: S2 | D1: S3 | E1: S4 | F1: S5
A2: C1 | B2: Consultorio 2 | C2: SIAU | D2: Consultorio 1 | E2: Consultorio 1 | F2: Consultorio 1
A3: C2 | B3: Consultorio 3 | C3: Consultorio 1 | D3: Consultorio 2 | E3: Consultorio 2 | F3: Consultorio 2
A4: C3 | B4: Consultorio 4 | C4: Consultorio 2 | D4: Consultorio 3 | E4: Consultorio 3 | F4: Consultorio 3
A5: C4 | B5: Consultorio 5 | C5: Consultorio 3 | D5: Consultiorio 4 | E5: NA | F5: NA
A6: C5 | B6: Consultorio 18 | C6: Consultorio 4 | D6: NA | E6: NA | F6: NA
A7: C6 | B7: Consultorio 19 | C7: Consultorio 5 | D7: NA | E7: NA | F7: NA
A8: C7 | B8: Consultorio 20 | C8: Consultorio 6 | D8: NA | E8: NA | F8: NA
A9: C8 | B9: Consultorio 22 | C9: Consultorio 7 | D9: NA | E9: NA | F9: NA
A10: C9 | B10: Quirofano 1 | C10: Consultorio 8 | D10: NA | E10: NA | F10: NA
A11: C10 | B11: Quirofano 2 | C11: Consultorio 9 | D11: NA | E11: NA | F11: NA
A12: C11 | B12: Consultorio 21 (Spa) | C12: NA | D12: NA | E12: NA | F12: NA
A13: C12 | B13: Consultorio 7 | C13: NA | D13: NA | E13: NA | F13: NA

Sheet Presencia_sede
B1: S1 | C1: S2 | D1: S3 | E1: S4 | F1: S5
A2: ="T"&_xlfn.SEQUENCE(36,1,1,1) -> T1 | B2: 1 | C2: 1 | D2: 1 | E2: 0 | F2: 1
A3: T2 | B3: 1 | C3: 1 | D3: 1 | E3: 0 | F3: 0
A4: T3 | B4: 1 | C4: 1 | D4: 1 | E4: 1 | F4: 0
A5: T4 | B5: 1 | C5: 1 | D5: 1 | E5: 0 | F5: 0
A6: T5 | B6: 1 | C6: 1 | D6: 0 | E6: 1 | F6: 0
A7: T6 | B7: 1 | C7: 1 | D7: 1 | E7: 1 | F7: 0
A8: T7 | B8: 1 | C8: 1 | D8: 1 | E8: 0 | F8: 1
A9: T8 | B9: 1 | C9: 1 | D9: 1 | E9: 0 | F9: 1
A10: T9 | B10: 1 | C10: 1 | D10: 0 | E10: 0 | F10: 0
A11: T10 | B11: 1 | C11: 1 | D11: 0 | E11: 1 | F11: 0
A12: T11 | B12: 1 | C12: 1 | D12: 1 | E12: 0 | F12: 0
A13: T12 | B13: 1 | C13: 1 | D13: 0 | E13: 1 | F13: 0
A14: T13 | B14: 1 | C14: 0 | D14: 0 | E14: 0 | F14: 0
... A46: T45 | B46: 1 | C46: 1 | D46: 1 | E46: 0 | F46: 0

Sheet Habilidad
B1: Sede1 | C1: Sede2 | D1: Sede3 | E1: Sede4 | F1: Sede 5
A2: T1 | B2: =+Presencia_sede!B2 -> 1 | C2: =+Presencia_sede!C2 -> 1 | D2: =+Presencia_sede!D2 -> 1 | E2: =+Presencia_sede!E2 -> 0 | F2: =+Presencia_sede!F2 -> 1
A3: T2 | B3: =+Presencia_sede!B3 -> 1 | C3: =+Presencia_sede!C3 -> 1 | D3: =+Presencia_sede!D3 -> 1 | E3: =+Presencia_sede!E3 -> 0 | F3: =+Presencia_sede!F3 -> 0
A4: T3 | B4: =+Presencia_sede!B4 -> 1 | C4: =+Presencia_sede!C4 -> 1 | D4: =+Presencia_sede!D4 -> 1 | E4: =+Presencia_sede!E4 -> 1 | F4: =+Presencia_sede!F4 -> 0
A5: T4 | B5: =+Presencia_sede!B5 -> 1 | C5: =+Presencia_sede!C5 -> 1 | D5: =+Presencia_sede!D5 -> 1 | E5: =+Presencia_sede!E5 -> 0 | F5: =+Presencia_sede!F5 -> 0
A6: T5 | B6: =+Presencia_sede!B6 -> 1 | C6: =+Presencia_sede!C6 -> 1 | D6: =+Presencia_sede!D6 -> 0 | E6: =+Presencia_sede!E6 -> 1 | F6: =+Presencia_sede!F6 -> 0
A7: T6 | B7: =+Presencia_sede!B7 -> 1 | C7: =+Presencia_sede!C7 -> 1 | D7: =+Presencia_sede!D7 -> 1 | E7: =+Presencia_sede!E7 -> 1 | F7: =+Presencia_sede!F7 -> 0
A8: T7 | B8: =+Presencia_sede!B8 -> 1 | C8: =+Presencia_sede!C8 -> 1 | D8: =+Presencia_sede!D8 -> 1 | E8: =+Presencia_sede!E8 -> 0 | F8: =+Presencia_sede!F8 -> 1
A9: T8 | B9: =+Presencia_sede!B9 -> 1 | C9: =+Presencia_sede!C9 -> 1 | D9: =+Presencia_sede!D9 -> 1 | E9: =+Presencia_sede!E9 -> 0 | F9: =+Presencia_sede!F9 -> 1
A10: T9 | B10: =+Presencia_sede!B10 -> 1 | C10: =+Presencia_sede!C10 -> 1 | D10: =+Presencia_sede!D10 -> 0 | E10: =+Presencia_sede!E10 -> 0 | F10: =+Presencia_sede!F10 -> 0
A11: T10 | B11: =+Presencia_sede!B11 -> 1 | C11: =+Presencia_sede!C11 -> 1 | D11: =+Presencia_sede!D11 -> 0 | E11: =+Presencia_sede!E11 -> 1 | F11: =+Presencia_sede!F11 -> 0
A12: T11 | B12: =+Presencia_sede!B12 -> 1 | C12: =+Presencia_sede!C12 -> 1 | D12: =+Presencia_sede!D12 -> 1 | E12: =+Presencia_sede!E12 -> 0 | F12: =+Presencia_sede!F12 -> 0
A13: T12 | B13: =+Presencia_sede!B13 -> 1 | C13: =+Presencia_sede!C13 -> 1 | D13: =+Presencia_sede!D13 -> 0 | E13: =+Presencia_sede!E13 -> 1 | F13: =+Presencia_sede!F13 -> 0
... A46: T45 | B46: =+Presencia_sede!B46 -> 1 | C46: =+Presencia_sede!C46 -> 1 | D46: =+Presencia_sede!D46 -> 1 | E46: =+Presencia_sede!E46 -> 0 | F46: =+Presencia_sede!F46 -> 0

Sheet FORM
B1: [Jueves 01/01/2026] | C1: [Viernes 02/01/2026] | D1: [Sábado 03/01/2026] | E1: Domingo | F1: [Lunes 05/01/2026] | G1: [Martes 06/01/2026] | H1: [Miércoles 07/01/2026] | I1: [Jueves 08/01/2026] | J1: [Viernes 09/01/2026] | K1: [Sábado 10/01/2026] | L1: Domingo | M1: [Lunes 12/01/2026] | N1: [Martes 13/01/2026] | O1: [Miércoles 14/01/2026] | P1: [Jueves 15/01/2026] | Q1: [Viernes 16/01/2026] | R1: [Sábado 17/01/2026] | S1: Domingo | T1: [Lunes 19/01/2026] | U1: [Martes 20/01/2026] | V1: [Miércoles 21/01/2026] | W1: [Jueves 22/01/2026] | X1: [Viernes 23/01/2026] | Y1: [Sábado 24/01/2026] | Z1: Domingo | AA1: [Lunes 26/01/2026] | AB1: [Martes 27/01/2026] | AC1: [Miércoles 28/01/2026] | AD1: [Jueves 29/01/2026] | AE1: [Viernes 30/01/2026] | AF1: [Sábado 31/01/2026]
A2: T01 | B2: NO ASISTE | C2: NO ASISTE | D2: NO ASISTE | E2: NO ASISTE | F2: AM Y PM | G2: AM Y PM | H2: AM Y PM | I2: AM Y PM | J2: AM Y PM | K2: NO ASISTE | L2: NO ASISTE | M2: NO ASISTE | N2: AM Y PM | O2: AM Y PM | P2: AM Y PM | Q2: AM Y PM | R2: NO ASISTE | S2: NO ASISTE | T2: AM Y PM | U2: AM Y PM | V2: AM Y PM | W2: AM Y PM | X2: AM | Y2: NO ASISTE | Z2: NO ASISTE | AA2: NO ASISTE | AB2: AM Y PM | AC2: AM Y PM | AD2: AM Y PM | AE2: AM Y PM | AF2: NO ASISTE
A3: T02 | B3: NO ASISTE | C3: NO ASISTE | D3: NO ASISTE | E3: NO ASISTE | F3: AM Y PM | G3: AM Y PM | H3: AM Y PM | I3: AM Y PM | J3: AM Y PM | K3: NO ASISTE | L3: NO ASISTE | M3: NO ASISTE | N3: AM Y PM | O3: AM Y PM | P3: AM Y PM | Q3: AM Y PM | R3: AM | S3: NO ASISTE | T3: AM Y PM | U3: AM Y PM | V3: AM Y PM | W3: AM Y PM | X3: AM Y PM | Y3: AM | Z3: NO ASISTE | AA3: AM Y PM | AB3: AM Y PM | AC3: AM Y PM | AD3: AM Y PM | AE3: AM Y PM | AF3: NO ASISTE
A4: T03 | B4: NO ASISTE | C4: NO ASISTE | D4: NO ASISTE | E4: NO ASISTE | F4: AM Y PM | G4: AM Y PM | H4: AM Y PM | I4: AM Y PM | J4: AM Y PM | K4: NO ASISTE | L4: NO ASISTE | M4: NO ASISTE | N4: AM Y PM | O4: AM Y PM | P4: AM Y PM | Q4: AM Y PM | R4: NO ASISTE | S4: NO ASISTE | T4: AM Y PM | U4: AM Y PM | V4: AM Y PM | W4: AM Y PM | X4: AM Y PM | Y4: NO ASISTE | Z4: NO ASISTE | AA4: AM Y PM | AB4: AM Y PM | AC4: AM Y PM | AD4: AM Y PM | AE4: AM Y PM | AF4: NO ASISTE
A5: T04 | B5: NO ASISTE | C5: NO ASISTE | D5: NO ASISTE | E5: NO ASISTE | F5: NO ASISTE | G5: AM Y PM | H5: AM Y PM | I5: AM Y PM | J5: AM Y PM | K5: NO ASISTE | L5: NO ASISTE | M5: NO ASISTE | N5: AM Y PM | O5: AM Y PM | P5: AM Y PM | Q5: AM Y PM | R5: NO ASISTE | S5: NO ASISTE | T5: AM Y PM | U5: AM Y PM | V5: AM Y PM | W5: AM Y PM | X5: AM | Y5: NO ASISTE | Z5: NO ASISTE | AA5: AM Y PM | AB5: AM Y PM | AC5: AM Y PM | AD5: AM Y PM | AE5: AM | AF5: NO ASISTE
A6: T05 | B6: NO ASISTE | C6: NO ASISTE | D6: NO ASISTE | E6: NO ASISTE | F6: NO ASISTE | G6: NO ASISTE | H6: NO ASISTE | I6: NO ASISTE | J6: NO ASISTE | K6: NO ASISTE | L6: NO ASISTE | M6: NO ASISTE | N6: NO ASISTE | O6: NO ASISTE | P6: NO ASISTE | Q6: NO ASISTE | R6: NO ASISTE | S6: NO ASISTE | T6: NO ASISTE | U6: NO ASISTE | V6: NO ASISTE | W6: NO ASISTE | X6: NO ASISTE | Y6: NO ASISTE | Z6: NO ASISTE | AA6: NO ASISTE | AB6: NO ASISTE | AC6: NO ASISTE | AD6: NO ASISTE | AE6: NO ASISTE | AF6: NO ASISTE
A7: T06 | B7: NO ASISTE | C7: NO ASISTE | D7: NO ASISTE | E7: NO ASISTE | F7: NO ASISTE | G7: AM Y PM | H7: AM Y PM | I7: AM Y PM | J7: AM Y PM | K7: AM | L7: NO ASISTE | M7: NO ASISTE | N7: AM Y PM | O7: AM Y PM | P7: AM Y PM | Q7: PM | R7: AM | S7: NO ASISTE | T7: AM Y PM | U7: AM Y PM | V7: AM Y PM | W7: AM Y PM | X7: AM Y PM | Y7: NO ASISTE | Z7: NO ASISTE | AA7: AM Y PM | AB7: AM Y PM | AC7: AM Y PM | AD7: AM Y PM | AE7: AM Y PM | AF7: AM
A8: T07 | B8: NO ASISTE | C8: NO ASISTE | D8: NO ASISTE | E8: NO ASISTE | F8: AM Y PM | G8: AM Y PM | H8: AM Y PM | I8: AM Y PM | J8: AM Y PM | K8: AM | L8: NO ASISTE | M8: NO ASISTE | N8: AM Y PM | O8: AM Y PM | P8: AM Y PM | Q8: AM Y PM | R8: AM | S8: NO ASISTE | T8: AM Y PM | U8: AM Y PM | V8: AM Y PM | W8: AM Y PM | X8: AM Y PM | Y8: NO ASISTE | Z8: NO ASISTE | AA8: NO ASISTE | AB8: NO ASISTE | AC8: NO ASISTE | AD8: NO ASISTE | AE8: NO ASISTE | AF8: NO ASISTE
A9: T08 | B9: NO ASISTE | C9: NO ASISTE | D9: NO ASISTE | E9: NO ASISTE | F9: NO ASISTE | G9: AM Y PM | H9: AM Y PM | I9: AM Y PM | J9: AM Y PM | K9: AM | L9: NO ASISTE | M9: NO ASISTE | N9: AM Y PM | O9: AM Y PM | P9: AM Y PM | Q9: AM Y PM | R9: AM | S9: NO ASISTE | T9: AM Y PM | U9: AM Y PM | V9: AM Y PM | W9: AM Y PM | X9: AM Y PM | Y9: AM | Z9: NO ASISTE | AA9: AM Y PM | AB9: AM Y PM | AC9: AM Y PM | AD9: AM Y PM | AE9: AM Y PM | AF9: AM
A10: T09 | B10: NO ASISTE | C10: NO ASISTE | D10: NO ASISTE | E10: NO ASISTE | F10: NO ASISTE | G10: AM | H10: AM | I10: AM | J10: NO ASISTE | K10: NO ASISTE | L10: NO ASISTE | M10: NO ASISTE | N10: AM Y PM | O10: AM Y PM | P10: AM Y PM | Q10: AM | R10: AM | S10: NO ASISTE | T10: AM | U10: AM | V10: NO ASISTE | W10: NO ASISTE | X10: NO ASISTE | Y10: NO ASISTE | Z10: NO ASISTE | AA10: AM Y PM | AB10: AM Y PM | AC10: AM Y PM | AD10: AM Y PM | AE10: AM | AF10: NO ASISTE
A11: T10 | B11: NO ASISTE | C11: NO ASISTE | D11: NO ASISTE | E11: NO ASISTE | F11: NO ASISTE | G11: NO ASISTE | H11: NO ASISTE | I11: AM | J11: AM | K11: NO ASISTE | L11: NO ASISTE | M11: NO ASISTE | N11: PM | O11: AM Y PM | P11: AM | Q11: AM Y PM | R11: AM | S11: NO ASISTE | T11: PM | U11: NO ASISTE | V11: PM | W11: NO ASISTE | X11: NO ASISTE | Y11: NO ASISTE | Z11: NO ASISTE | AA11: PM | AB11: NO ASISTE | AC11: NO ASISTE | AD11: NO ASISTE | AE11: NO ASISTE | AF11: NO ASISTE
A12: T11 | B12: NO ASISTE | C12: NO ASISTE | D12: NO ASISTE | E12: NO ASISTE | F12: NO ASISTE | G12: NO ASISTE | H12: NO ASISTE | I12: AM Y PM | J12: AM Y PM | K12: NO ASISTE | L12: NO ASISTE | M12: NO ASISTE | N12: AM | O12: AM | P12: AM Y PM | Q12: AM Y PM | R12: NO ASISTE | S12: NO ASISTE | T12: AM Y PM | U12: AM Y PM | V12: AM Y PM | W12: AM Y PM | X12: AM Y PM | Y12: NO ASISTE | Z12: NO ASISTE | AA12: AM Y PM | AB12: AM Y PM | AC12: AM Y PM | AD12: AM Y PM | AE12: AM Y PM | AF12: NO ASISTE
A13: T12 | B13: NO ASISTE | C13: NO ASISTE | D13: NO ASISTE | E13: NO ASISTE | F13: AM | G13: AM Y PM | H13: AM Y PM | I13: NO ASISTE | J13: NO ASISTE | K13: NO ASISTE | L13: NO ASISTE | M13: NO ASISTE | N13: AM | O13: AM Y PM | P13: PM | Q13: AM Y PM | R13: NO ASISTE | S13: NO ASISTE | T13: AM | U13: AM Y PM | V13: AM | W13: PM | X13: AM Y PM | Y13: NO ASISTE | Z13: NO ASISTE | AA13: AM | AB13: AM Y PM | AC13: AM Y PM | AD13: NO ASISTE | AE13: AM Y PM | AF13: AM
... A46: T45 | B46: NO ASISTE | C46: NO ASISTE | D46: NO ASISTE | E46: NO ASISTE | F46: NO ASISTE | G46: NO ASISTE | H46: AM Y PM | I46: AM Y PM | J46: AM Y PM | K46: AM | L46: NO ASISTE | M46: NO ASISTE | N46: AM Y PM | O46: AM Y PM | P46: AM Y PM | Q46: AM Y PM | R46: AM | S46: NO ASISTE | T46: AM Y PM | U46: AM Y PM | V46: AM Y PM | W46: AM Y PM | X46: AM Y PM | Y46: AM | Z46: NO ASISTE | AA46: AM Y PM | AB46: AM Y PM | AC46: AM Y PM | AD46: AM Y PM | AE46: AM Y PM | AF46: AM

Sheet AD_tis
B1: O1 | C1: O2 | D1: O3 | E1: O4 | F1: O5 | G1: O6 | H1: O7 | I1: O8 | J1: O9 | K1: O10 | L1: O11 | M1: O12 | N1: O13 | O1: O14 | P1: O15 | Q1: O16 | R1: O17 | S1: OP1 | T1: OP2 | U1: OP3 | V1: OP4 | W1: OP5 | X1: OP6 | Y1: OP7 | Z1: OP8 | AA1: OP9 | AB1: OP10 | AC1: E1 | AD1: E2 | AE1: E3 | AF1: E4 | AG1: E5 | AH1: E6 | AI1: E7 | AJ1: E8 | AK1: E9 | AL1: E10 | AM1: E11 | AN1: C1 | AO1: C2 | AP1: C3 | AQ1: C4 | AR1: C5 | AS1: C6 | AT1: C7 | AU1: C8 | AV1: C9 | AW1: L1 | AX1: L2 | AY1: S1 | AZ1: S2 | BA1: U1 | BB1: U2 | BC1: U3 | BD1: Sede1 | BE1: Sede2 | BF1: Sede3 | BG1: Sede4
A2: T1 | B2: 0 | C2: 0 | D2: 0 | E2: 1 | F2: 0 | G2: 0 | H2: 0 | I2: 0 | J2: 1 | K2: 0 | L2: 1 | M2: 1 | N2: 1 | O2: 0 | P2: 0 | Q2: 0 | R2: 1 | S2: 0 | T2: 0 | U2: 0 | V2: 0 | W2: 0 | X2: 0 | Y2: 0 | Z2: 0 | AA2: 0 | AB2: 0 | AC2: 0 | AD2: 0 | AE2: 0 | AF2: 0 | AG2: 0 | AH2: 0 | AI2: 0 | AJ2: 0 | AK2: 0 | AL2: 0 | AM2: 0 | AN2: 0 | AO2: 0 | AP2: 1 | AQ2: 0 | AR2: 0 | AS2: 0 | AT2: 0 | AU2: 0 | AV2: 0 | AW2: 0 | AX2: 1 | AY2: 0 | AZ2: 0 | BA2: 0 | BB2: 1 | BC2: 0 | BD2: =+Habilidad!B2 -> 1 | BE2: =+Habilidad!C2 -> 1 | BF2: =+Habilidad!D2 -> 1 | BG2: =+Habilidad!E2 -> 0
A3: T2 | B3: 0 | C3: 0 | D3: 0 | E3: 1 | F3: 0 | G3: 1 | H3: 0 | I3: 0 | J3: 1 | K3: 0 | L3: 1 | M3: 1 | N3: 1 | O3: 0 | P3: 0 | Q3: 1 | R3: 1 | S3: 0 | T3: 0 | U3: 0 | V3: 0 | W3: 0 | X3: 0 | Y3: 0 | Z3: 0 | AA3: 0 | AB3: 0 | AC3: 0 | AD3: 0 | AE3: 0 | AF3: 0 | AG3: 0 | AH3: 0 | AI3: 0 | AJ3: 0 | AK3: 0 | AL3: 0 | AM3: 0 | AN3: 0 | AO3: 0 | AP3: 1 | AQ3: 0 | AR3: 0 | AS3: 0 | AT3: 0 | AU3: 0 | AV3: 0 | AW3: 0 | AX3: 1 | AY3: 0 | AZ3: 0 | BA3: 0 | BB3: 0 | BC3: 0 | BD3: =+Habilidad!B3 -> 1 | BE3: =+Habilidad!C3 -> 1 | BF3: =+Habilidad!D3 -> 1 | BG3: =+Habilidad!E3 -> 0
A4: T3 | B4: 0 | C4: 0 | D4: 0 | E4: 1 | F4: 0 | G4: 1 | H4: 0 | I4: 0 | J4: 1 | K4: 0 | L4: 1 | M4: 1 | N4: 1 | O4: 0 | P4: 0 | Q4: 1 | R4: 1 | S4: 0 | T4: 0 | U4: 0 | V4: 0 | W4: 0 | X4: 0 | Y4: 0 | Z4: 0 | AA4: 0 | AB4: 0 | AC4: 0 | AD4: 0 | AE4: 0 | AF4: 0 | AG4: 0 | AH4: 0 | AI4: 0 | AJ4: 0 | AK4: 0 | AL4: 1 | AM4: 0 | AN4: 0 | AO4: 0 | AP4: 1 | AQ4: 1 | AR4: 0 | AS4: 0 | AT4: 0 | AU4: 0 | AV4: 0 | AW4: 0 | AX4: 1 | AY4: 0 | AZ4: 0 | BA4: 0 | BB4: 0 | BC4: 0 | BD4: =+Habilidad!B4 -> 1 | BE4: =+Habilidad!C4 -> 1 | BF4: =+Habilidad!D4 -> 1 | BG4: =+Habilidad!E4 -> 1
A5: T4 | B5: 0 | C5: 0 | D5: 0 | E5: 1 | F5: 0 | G5: 1 | H5: 0 | I5: 0 | J5: 1 | K5: 0 | L5: 1 | M5: 1 | N5: 1 | O5: 0 | P5: 0 | Q5: 1 | R5: 1 | S5: 0 | T5: 0 | U5: 0 | V5: 0 | W5: 0 | X5: 0 | Y5: 0 | Z5: 0 | AA5: 0 | AB5: 0 | AC5: 0 | AD5: 0 | AE5: 0 | AF5: 0 | AG5: 0 | AH5: 0 | AI5: 0 | AJ5: 0 | AK5: 0 | AL5: 0 | AM5: 0 | AN5: 0 | AO5: 0 | AP5: 1 | AQ5: 1 | AR5: 0 | AS5: 0 | AT5: 0 | AU5: 0 | AV5: 0 | AW5: 0 | AX5: 1 | AY5: 0 | AZ5: 0 | BA5: 0 | BB5: 0 | BC5: 0 | BD5: =+Habilidad!B5 -> 1 | BE5: =+Habilidad!C5 -> 1 | BF5: =+Habilidad!D5 -> 1 | BG5: =+Habilidad!E5 -> 0
A6: T5 | B6: 0 | C6: 0 | D6: 1 | E6: 0 | F6: 0 | G6: 1 | H6: 0 | I6: 0 | J6: 1 | K6: 0 | L6: 1 | M6: 1 | N6: 1 | O6: 0 | P6: 0 | Q6: 0 | R6: 0 | S6: 0 | T6: 0 | U6: 0 | V6: 0 | W6: 0 | X6: 0 | Y6: 0 | Z6: 0 | AA6: 0 | AB6: 0 | AC6: 0 | AD6: 0 | AE6: 0 | AF6: 0 | AG6: 0 | AH6: 0 | AI6: 0 | AJ6: 0 | AK6: 0 | AL6: 0 | AM6: 0 | AN6: 1 | AO6: 0 | AP6: 0 | AQ6: 1 | AR6: 0 | AS6: 0 | AT6: 0 | AU6: 0 | AV6: 0 | AW6: 0 | AX6: 1 | AY6: 0 | AZ6: 1 | BA6: 0 | BB6: 0 | BC6: 0 | BD6: =+Habilidad!B6 -> 1 | BE6: =+Habilidad!C6 -> 1 | BF6: =+Habilidad!D6 -> 0 | BG6: =+Habilidad!E6 -> 1
A7: T6 | B7: 0 | C7: 0 | D7: 0 | E7: 0 | F7: 0 | G7: 1 | H7: 1 | I7: 1 | J7: 1 | K7: 0 | L7: 1 | M7: 1 | N7: 1 | O7: 0 | P7: 0 | Q7: 1 | R7: 1 | S7: 0 | T7: 0 | U7: 0 | V7: 0 | W7: 0 | X7: 0 | Y7: 0 | Z7: 0 | AA7: 0 | AB7: 0 | AC7: 0 | AD7: 0 | AE7: 0 | AF7: 0 | AG7: 0 | AH7: 0 | AI7: 0 | AJ7: 0 | AK7: 0 | AL7: 1 | AM7: 0 | AN7: 0 | AO7: 0 | AP7: 0 | AQ7: 1 | AR7: 0 | AS7: 0 | AT7: 0 | AU7: 0 | AV7: 0 | AW7: 0 | AX7: 1 | AY7: 0 | AZ7: 0 | BA7: 0 | BB7: 0 | BC7: 0 | BD7: =+Habilidad!B7 -> 1 | BE7: =+Habilidad!C7 -> 1 | BF7: =+Habilidad!D7 -> 1 | BG7: =+Habilidad!E7 -> 1
A8: T7 | B8: 0 | C8: 0 | D8: 0 | E8: 0 | F8: 0 | G8: 1 | H8: 0 | I8: 0 | J8: 1 | K8: 0 | L8: 1 | M8: 1 | N8: 1 | O8: 0 | P8: 0 | Q8: 1 | R8: 1 | S8: 0 | T8: 0 | U8: 0 | V8: 0 | W8: 0 | X8: 0 | Y8: 0 | Z8: 0 | AA8: 0 | AB8: 0 | AC8: 0 | AD8: 0 | AE8: 0 | AF8: 0 | AG8: 0 | AH8: 0 | AI8: 0 | AJ8: 0 | AK8: 0 | AL8: 0 | AM8: 0 | AN8: 0 | AO8: 0 | AP8: 0 | AQ8: 1 | AR8: 0 | AS8: 0 | AT8: 0 | AU8: 0 | AV8: 0 | AW8: 0 | AX8: 1 | AY8: 0 | AZ8: 0 | BA8: 0 | BB8: 1 | BC8: 0 | BD8: =+Habilidad!B8 -> 1 | BE8: =+Habilidad!C8 -> 1 | BF8: =+Habilidad!D8 -> 1 | BG8: =+Habilidad!E8 -> 0
A9: T8 | B9: 0 | C9: 0 | D9: 0 | E9: 1 | F9: 0 | G9: 1 | H9: 0 | I9: 0 | J9: 1 | K9: 0 | L9: 1 | M9: 1 | N9: 1 | O9: 0 | P9: 0 | Q9: 1 | R9: 1 | S9: 0 | T9: 0 | U9: 0 | V9: 0 | W9: 0 | X9: 0 | Y9: 0 | Z9: 0 | AA9: 0 | AB9: 0 | AC9: 0 | AD9: 0 | AE9: 0 | AF9: 0 | AG9: 0 | AH9: 0 | AI9: 0 | AJ9: 0 | AK9: 0 | AL9: 1 | AM9: 0 | AN9: 0 | AO9: 0 | AP9: 0 | AQ9: 1 | AR9: 0 | AS9: 0 | AT9: 1 | AU9: 0 | AV9: 0 | AW9: 0 | AX9: 1 | AY9: 0 | AZ9: 0 | BA9: 0 | BB9: 1 | BC9: 0 | BD9: =+Habilidad!B9 -> 1 | BE9: =+Habilidad!C9 -> 1 | BF9: =+Habilidad!D9 -> 1 | BG9: =+Habilidad!E9 -> 0
A10: T9 | B10: 0 | C10: 0 | D10: 1 | E10: 0 | F10: 0 | G10: 1 | H10: 0 | I10: 0 | J10: 1 | K10: 0 | L10: 1 | M10: 1 | N10: 1 | O10: 0 | P10: 0 | Q10: 0 | R10: 1 | S10: 0 | T10: 0 | U10: 0 | V10: 0 | W10: 0 | X10: 0 | Y10: 0 | Z10: 0 | AA10: 0 | AB10: 0 | AC10: 0 | AD10: 0 | AE10: 0 | AF10: 0 | AG10: 0 | AH10: 0 | AI10: 0 | AJ10: 0 | AK10: 0 | AL10: 0 | AM10: 0 | AN10: 1 | AO10: 0 | AP10: 0 | AQ10: 1 | AR10: 0 | AS10: 0 | AT10: 0 | AU10: 0 | AV10: 0 | AW10: 0 | AX10: 0 | AY10: 0 | AZ10: 1 | BA10: 0 | BB10: 0 | BC10: 0 | BD10: =+Habilidad!B10 -> 1 | BE10: =+Habilidad!C10 -> 1 | BF10: =+Habilidad!D10 -> 0 | BG10: =+Habilidad!E10 -> 0
A11: T10 | B11: 0 | C11: 0 | D11: 0 | E11: 0 | F11: 1 | G11: 1 | H11: 0 | I11: 0 | J11: 1 | K11: 0 | L11: 0 | M11: 1 | N11: 1 | O11: 0 | P11: 0 | Q11: 0 | R11: 1 | S11: 0 | T11: 0 | U11: 0 | V11: 0 | W11: 0 | X11: 0 | Y11: 0 | Z11: 0 | AA11: 0 | AB11: 0 | AC11: 0 | AD11: 0 | AE11: 0 | AF11: 0 | AG11: 0 | AH11: 0 | AI11: 0 | AJ11: 0 | AK11: 0 | AL11: 0 | AM11: 0 | AN11: 0 | AO11: 1 | AP11: 0 | AQ11: 0 | AR11: 0 | AS11: 0 | AT11: 0 | AU11: 0 | AV11: 0 | AW11: 0 | AX11: 0 | AY11: 0 | AZ11: 0 | BA11: 0 | BB11: 0 | BC11: 0 | BD11: =+Habilidad!B11 -> 1 | BE11: =+Habilidad!C11 -> 1 | BF11: =+Habilidad!D11 -> 0 | BG11: =+Habilidad!E11 -> 1
A12: T11 | B12: 0 | C12: 0 | D12: 0 | E12: 0 | F12: 0 | G12: 1 | H12: 0 | I12: 0 | J12: 1 | K12: 0 | L12: 1 | M12: 1 | N12: 0 | O12: 0 | P12: 0 | Q12: 0 | R12: 0 | S12: 0 | T12: 0 | U12: 0 | V12: 0 | W12: 0 | X12: 0 | Y12: 0 | Z12: 0 | AA12: 0 | AB12: 0 | AC12: 0 | AD12: 0 | AE12: 0 | AF12: 0 | AG12: 0 | AH12: 0 | AI12: 0 | AJ12: 0 | AK12: 0 | AL12: 0 | AM12: 0 | AN12: 0 | AO12: 0 | AP12: 0 | AQ12: 0 | AR12: 0 | AS12: 0 | AT12: 0 | AU12: 0 | AV12: 0 | AW12: 0 | AX12: 0 | AY12: 0 | AZ12: 0 | BA12: 0 | BB12: 0 | BC12: 0 | BD12: =+Habilidad!B12 -> 1 | BE12: =+Habilidad!C12 -> 1 | BF12: =+Habilidad!D12 -> 1 | BG12: =+Habilidad!E12 -> 0
A13: T12 | B13: 0 | C13: 0 | D13: 0 | E13: 0 | F13: 1 | G13: 1 | H13: 0 | I13: 0 | J13: 1 | K13: 0 | L13: 0 | M13: 1 | N13: 1 | O13: 0 | P13: 0 | Q13: 0 | R13: 1 | S13: 0 | T13: 0 | U13: 0 | V13: 0 | W13: 0 | X13: 0 | Y13: 0 | Z13: 0 | AA13: 0 | AB13: 0 | AC13: 0 | AD13: 0 | AE13: 0 | AF13: 0 | AG13: 0 | AH13: 0 | AI13: 0 | AJ13: 0 | AK13: 0 | AL13: 0 | AM13: 0 | AN13: 0 | AO13: 1 | AP13: 0 | AQ13: 0 | AR13: 0 | AS13: 0 | AT13: 0 | AU13: 0 | AV13: 0 | AW13: 0 | AX13: 0 | AY13: 0 | AZ13: 0 | BA13: 0 | BB13: 0 | BC13: 0 | BD13: =+Habilidad!B13 -> 1 | BE13: =+Habilidad!C13 -> 1 | BF13: =+Habilidad!D13 -> 0 | BG13: =+Habilidad!E13 -> 1
... A29: T28 | B29: 0 | C29: 0 | D29: 0 | E29: 0 | F29: 0 | G29: 1 | H29: 0 | I29: 0 | J29: 1 | K29: 0 | L29: 0 | M29: 0 | N29: 0 | O29: 0 | P29: 0 | Q29: 0 | R29: 0 | S29: 0 | T29: 0 | U29: 0 | V29: 0 | W29: 0 | X29: 0 | Y29: 0 | Z29: 0 | AA29: 0 | AB29: 0 | AC29: 0 | AD29: 0 | AE29: 0 | AF29: 0 | AG29: 0 | AH29: 0 | AI29: 0 | AJ29: 0 | AK29: 0 | AL29: 0 | AM29: 0 | AN29: 0 | AO29: 0 | AP29: 0 | AQ29: 0 | AR29: 0 | AS29: 0 | AT29: 0 | AU29: 0 | AV29: 0 | AW29: 0 | AX29: 0 | AY29: 0 | AZ29: 0 | BA29: 0 | BB29: 0 | BC29: 0 | BD29: =+Habilidad!B29 -> 1 | BE29: =+Habilidad!C29 -> 1 | BF29: =+Habilidad!D29 -> 1 | BG29: =+Habilidad!E29 -> 0
A30: T29 | B30: 0 | C30: 0 | D30: 0 | E30: 0 | F30: 0 | G30: =+IF(J30=1,1,0) -> 0 | H30: 0 | I30: 0 | J30: 0 | K30: 0 | L30: 0 | M30: 0 | N30: 0 | O30: 0 | P30: 0 | Q30: 0 | R30: 0 | S30: 0 | T30: 0 | U30: 0 | V30: 0 | W30: 0 | X30: 0 | Y30: 0 | Z30: 0 | AA30: 0 | AB30: 0 | AC30: 0 | AD30: 0 | AE30: 0 | AF30: 0 | AG30: 0 | AH30: 0 | AI30: 0 | AJ30: 0 | AK30: 0 | AL30: 0 | AM30: 0 | AN30: 0 | AO30: 0 | AP30: 0 | AQ30: 0 | AR30: 0 | AS30: 0 | AT30: 0 | AU30: 0 | AV30: 0 | AW30: 0 | AX30: 0 | AY30: 0 | AZ30: 0 | BA30: 1 | BB30: 0 | BC30: 0 | BD30: =+Habilidad!B30 -> 1 | BE30: =+Habilidad!C30 -> 0 | BF30: =+Habilidad!D30 -> 0 | BG30: =+Habilidad!E30 -> 0
A31: T30 | B31: 0 | C31: 0 | D31: 0 | E31: 0 | F31: 0 | G31: =+IF(J31=1,1,0) -> 0 | H31: 0 | I31: 0 | J31: 0 | K31: 0 | L31: 0 | M31: 0 | N31: 0 | O31: 0 | P31: 0 | Q31: 0 | R31: 0 | S31: 0 | T31: 0 | U31: 0 | V31: 0 | W31: 0 | X31: 0 | Y31: 0 | Z31: 0 | AA31: 0 | AB31: 0 | AC31: 0 | AD31: 0 | AE31: 0 | AF31: 1 | AG31: 1 | AH31: 1 | AI31: 1 | AJ31: 1 | AK31: 1 | AL31: 0 | AM31: 0 | AN31: 0 | AO31: 0 | AP31: 0 | AQ31: 0 | AR31: 0 | AS31: 0 | AT31: 0 | AU31: 0 | AV31: 0 | AW31: 0 | AX31: 0 | AY31: 0 | AZ31: 0 | BA31: 0 | BB31: 0 | BC31: 0 | BD31: =+Habilidad!B31 -> 1 | BE31: =+Habilidad!C31 -> 0 | BF31: =+Habilidad!D31 -> 0 | BG31: =+Habilidad!E31 -> 0
A32: T31 | B32: 0 | C32: 0 | D32: 0 | E32: 0 | F32: 0 | G32: =+IF(J32=1,1,0) -> 0 | H32: 0 | I32: 0 | J32: 0 | K32: 0 | L32: 0 | M32: 0 | N32: 0 | O32: 0 | P32: 0 | Q32: 0 | R32: 0 | S32: 0 | T32: 0 | U32: 0 | V32: 0 | W32: 0 | X32: 0 | Y32: 0 | Z32: 0 | AA32: 0 | AB32: 0 | AC32: 1 | AD32: 1 | AE32: 1 | AF32: 1 | AG32: 1 | AH32: 1 | AI32: 1 | AJ32: 1 | AK32: 1 | AL32: 0 | AM32: 0 | AN32: 0 | AO32: 0 | AP32: 0 | AQ32: 0 | AR32: 0 | AS32: 0 | AT32: 0 | AU32: 0 | AV32: 0 | AW32: 0 | AX32: 0 | AY32: 0 | AZ32: 0 | BA32: 0 | BB32: 0 | BC32: 0 | BD32: =+Habilidad!B32 -> 1 | BE32: =+Habilidad!C32 -> 0 | BF32: =+Habilidad!D32 -> 0 | BG32: =+Habilidad!E32 -> 0
A33: T32 | B33: 0 | C33: 0 | D33: 0 | E33: 0 | F33: 0 | G33: =+IF(J33=1,1,0) -> 0 | H33: 0 | I33: 0 | J33: 0 | K33: 0 | L33: 0 | M33: 0 | N33: 0 | O33: 0 | P33: 0 | Q33: 0 | R33: 0 | S33: 0 | T33: 0 | U33: 0 | V33: 0 | W33: 0 | X33: 0 | Y33: 0 | Z33: 0 | AA33: 0 | AB33: 0 | AC33: 1 | AD33: 0 | AE33: 0 | AF33: 1 | AG33: 1 | AH33: 1 | AI33: 1 | AJ33: 1 | AK33: 1 | AL33: 0 | AM33: 0 | AN33: 0 | AO33: 0 | AP33: 0 | AQ33: 0 | AR33: 0 | AS33: 0 | AT33: 0 | AU33: 0 | AV33: 0 | AW33: 0 | AX33: 0 | AY33: 0 | AZ33: 0 | BA33: 0 | BB33: 0 | BC33: 0 | BD33: =+Habilidad!B33 -> 1 | BE33: =+Habilidad!C33 -> 0 | BF33: =+Habilidad!D33 -> 0 | BG33: =+Habilidad!E33 -> 0
A34: T33 | B34: 0 | C34: 0 | D34: 0 | E34: 0 | F34: 0 | G34: =+IF(J34=1,1,0) -> 0 | H34: 0 | I34: 0 | J34: 0 | K34: 0 | L34: 0 | M34: 0 | N34: 0 | O34: 0 | P34: 0 | Q34: 0 | R34: 0 | S34: 0 | T34: 0 | U34: 1 | V34: 0 | W34: 0 | X34: 0 | Y34: 0 | Z34: 1 | AA34: 1 | AB34: 0 | AC34: 1 | AD34: 1 | AE34: 1 | AF34: 1 | AG34: 1 | AH34: 1 | AI34: 1 | AJ34: 0 | AK34: 1 | AL34: 0 | AM34: 0 | AN34: 0 | AO34: 0 | AP34: 0 | AQ34: 0 | AR34: 0 | AS34: 0 | AT34: 0 | AU34: 0 | AV34: 0 | AW34: 0 | AX34: 0 | AY34: 0 | AZ34: 0 | BA34: 0 | BB34: 0 | BC34: 0 | BD34: =+Habilidad!B34 -> 1 | BE34: =+Habilidad!C34 -> 1 | BF34: =+Habilidad!D34 -> 1 | BG34: =+Habilidad!E34 -> 0
A35: T34 | B35: 0 | C35: 0 | D35: 0 | E35: 0 | F35: 0 | G35: =+IF(J35=1,1,0) -> 0 | H35: 0 | I35: 0 | J35: 0 | K35: 1 | L35: 0 | M35: 0 | N35: 0 | O35: 0 | P35: 0 | Q35: 0 | R35: 0 | S35: 0 | T35: 0 | U35: 0 | V35: 0 | W35: 0 | X35: 0 | Y35: 0 | Z35: 0 | AA35: 1 | AB35: 0 | AC35: 0 | AD35: 0 | AE35: 0 | AF35: 0 | AG35: 1 | AH35: 0 | AI35: 0 | AJ35: 0 | AK35: 0 | AL35: 0 | AM35: 0 | AN35: 0 | AO35: 0 | AP35: 0 | AQ35: 0 | AR35: 0 | AS35: 0 | AT35: 0 | AU35: 0 | AV35: 0 | AW35: 0 | AX35: 0 | AY35: 0 | AZ35: 0 | BA35: 0 | BB35: 0 | BC35: 0 | BD35: =+Habilidad!B35 -> 1 | BE35: =+Habilidad!C35 -> 1 | BF35: =+Habilidad!D35 -> 1 | BG35: =+Habilidad!E35 -> 0
A36: T35 | B36: 0 | C36: 0 | D36: 0 | E36: 0 | F36: 0 | G36: =+IF(J36=1,1,0) -> 0 | H36: 0 | I36: 0 | J36: 0 | K36: 0 | L36: 0 | M36: 0 | N36: 0 | O36: 0 | P36: 0 | Q36: 0 | R36: 0 | S36: 0 | T36: 0 | U36: 0 | V36: 0 | W36: 0 | X36: 0 | Y36: 0 | Z36: 0 | AA36: 0 | AB36: 0 | AC36: 0 | AD36: 0 | AE36: 0 | AF36: 0 | AG36: 0 | AH36: 0 | AI36: 0 | AJ36: 0 | AK36: 0 | AL36: 0 | AM36: 0 | AN36: 0 | AO36: 0 | AP36: 0 | AQ36: 0 | AR36: 0 | AS36: 0 | AT36: 0 | AU36: 0 | AV36: 0 | AW36: 0 | AX36: 0 | AY36: 1 | AZ36: 0 | BA36: 0 | BB36: 0 | BC36: 0 | BD36: =+Habilidad!B36 -> 1 | BE36: =+Habilidad!C36 -> 1 | BF36: =+Habilidad!D36 -> 0 | BG36: =+Habilidad!E36 -> 0
A37: T36 | B37: 0 | C37: 0 | D37: 0 | E37: 0 | F37: 0 | G37: =+IF(J37=1,1,0) -> 0 | H37: 0 | I37: 0 | J37: 0 | K37: 0 | L37: 1 | M37: 1 | N37: 1 | O37: 0 | P37: 0 | Q37: 0 | R37: 0 | S37: 0 | T37: 0 | U37: 0 | V37: 0 | W37: 0 | X37: 0 | Y37: 0 | Z37: 0 | AA37: 0 | AB37: 0 | AC37: 0 | AD37: 0 | AE37: 0 | AF37: 0 | AG37: 0 | AH37: 0 | AI37: 0 | AJ37: 0 | AK37: 0 | AL37: 0 | AM37: 0 | AN37: 0 | AO37: 0 | AP37: 1 | AQ37: 0 | AR37: 0 | AS37: 0 | AT37: 0 | AU37: 0 | AV37: 0 | AW37: 0 | AX37: 0 | AY37: 0 | AZ37: 0 | BA37: 0 | BB37: 0 | BC37: 0 | BD37: =+Habilidad!B37 -> 1 | BE37: =+Habilidad!C37 -> 1 | BF37: =+Habilidad!D37 -> 0 | BG37: =+Habilidad!E37 -> 0
A38: T37 | B38: 0 | C38: 0 | D38: 0 | E38: 0 | F38: 0 | G38: =+IF(J38=1,1,0) -> 0 | H38: 0 | I38: 0 | J38: 0 | K38: 1 | L38: 0 | M38: 0 | N38: 0 | O38: 0 | P38: 0 | Q38: 0 | R38: 0 | S38: 0 | T38: 0 | U38: 1 | V38: 0 | W38: 0 | X38: 0 | Y38: 0 | Z38: 0 | AA38: 1 | AB38: 0 | AC38: 0 | AD38: 0 | AE38: 0 | AF38: 0 | AG38: 0 | AH38: 0 | AI38: 0 | AJ38: 0 | AK38: 0 | AL38: 0 | AM38: 1 | AN38: 0 | AO38: 0 | AP38: 0 | AQ38: 0 | AR38: 0 | AS38: 0 | AT38: 0 | AU38: 0 | AV38: 0 | AW38: 0 | AX38: 0 | AY38: 0 | AZ38: 0 | BA38: 0 | BB38: 0 | BC38: 0 | BD38: =+Habilidad!B38 -> 0 | BE38: =+Habilidad!C38 -> 0 | BF38: =+Habilidad!D38 -> 0 | BG38: =+Habilidad!E38 -> 1
A39: T38 | B39: 0 | C39: 0 | D39: 0 | E39: 0 | F39: 0 | G39: =+IF(J39=1,1,0) -> 0 | H39: 0 | I39: 0 | J39: 0 | K39: 1 | L39: 0 | M39: 0 | N39: 0 | O39: 0 | P39: 0 | Q39: 0 | R39: 0 | S39: 0 | T39: 0 | U39: 1 | V39: 0 | W39: 0 | X39: 0 | Y39: 0 | Z39: 0 | AA39: 1 | AB39: 0 | AC39: 0 | AD39: 0 | AE39: 0 | AF39: 0 | AG39: 0 | AH39: 0 | AI39: 0 | AJ39: 0 | AK39: 0 | AL39: 0 | AM39: 1 | AN39: 0 | AO39: 0 | AP39: 0 | AQ39: 0 | AR39: 0 | AS39: 0 | AT39: 0 | AU39: 0 | AV39: 0 | AW39: 0 | AX39: 0 | AY39: 0 | AZ39: 0 | BA39: 0 | BB39: 0 | BC39: 0 | BD39: =+Habilidad!B39 -> 0 | BE39: =+Habilidad!C39 -> 0 | BF39: =+Habilidad!D39 -> 0 | BG39: =+Habilidad!E39 -> 1
A40: T39 | B40: =+B10 -> 0 | C40: 0 | D40: 1 | E40: 0 | F40: 0 | G40: =+IF(J40=1,1,0) -> 1 | H40: 0 | I40: 0 | J40: 1 | K40: 0 | L40: 1 | M40: 1 | N40: 1 | O40: 0 | P40: 0 | Q40: 0 | R40: 1 | S40: 0 | T40: 0 | U40: 0 | V40: 0 | W40: 0 | X40: 0 | Y40: 0 | Z40: 0 | AA40: 0 | AB40: 0 | AC40: 0 | AD40: 0 | AE40: 0 | AF40: 0 | AG40: 0 | AH40: 0 | AI40: 0 | AJ40: 0 | AK40: 0 | AL40: 0 | AM40: 0 | AN40: 1 | AO40: 0 | AP40: 0 | AQ40: 1 | AR40: 0 | AS40: 0 | AT40: 0 | AU40: 0 | AV40: 0 | AW40: 0 | AX40: 0 | AY40: 0 | AZ40: 1 | BA40: 0 | BB40: 0 | BC40: 0 | BD40: =+Habilidad!B40 -> 1 | BE40: =+Habilidad!C40 -> 0 | BF40: =+Habilidad!D40 -> 0 | BG40: =+Habilidad!E40 -> 1
A41: T40 | B41: =+B23 -> 0 | C41: =+C23 -> 0 | D41: =+D23 -> 0 | E41: =+E23 -> 0 | F41: =+F23 -> 0 | G41: =+G23 -> 0 | H41: =+H23 -> 0 | I41: =+I23 -> 0 | ... AL41: =+AL23 -> 0 | AM41: 0 | AN41: =+AN23 -> 0 | AO41: =+AO23 -> 0 | AP41: =+AP23 -> 0 | AQ41: =+AQ23 -> 0 | AR41: =+AR23 -> 0 | AS41: =+AS23 -> 0 | AT41: =+AT23 -> 0 | AU41: =+AU23 -> 0 | ... AZ41: =+AZ23 -> 0 | BA41: 0 | BB41: =+BB23 -> 0 | BC41: =+BC23 -> 0 | BD41: =+Habilidad!B41 -> 1 | BE41: =+Habilidad!C41 -> 1 | BF41: =+Habilidad!D41 -> 1 | BG41: =+Habilidad!E41 -> 0
A42: T41 | B42: =+B22 -> 0 | C42: =+C22 -> 0 | D42: =+D22 -> 0 | E42: =+E22 -> 0 | F42: =+F22 -> 0 | G42: =+G22 -> 0 | H42: =+H22 -> 0 | I42: =+I22 -> 0 | ... AL42: =+AL22 -> 0 | AM42: 0 | AN42: =+AN22 -> 0 | AO42: =+AO22 -> 0 | AP42: =+AP22 -> 0 | AQ42: =+AQ22 -> 0 | AR42: =+AR22 -> 0 | AS42: =+AS22 -> 0 | AT42: =+AT22 -> 0 | AU42: =+AU22 -> 0 | ... AZ42: =+AZ22 -> 0 | BA42: 0 | BB42: =+BB22 -> 0 | BC42: =+BC22 -> 0 | BD42: =+Habilidad!B42 -> 0 | BE42: =+Habilidad!C42 -> 1 | BF42: =+Habilidad!D42 -> 0 | BG42: =+Habilidad!E42 -> 0
A43: T42 | B43: 0 | C43: 0 | D43: 0 | E43: 0 | F43: 0 | G43: =+IF(J43=1,1,0) -> 0 | H43: 0 | I43: 0 | J43: 0 | K43: 1 | L43: 0 | M43: 0 | N43: 0 | O43: 0 | P43: 0 | Q43: 0 | R43: 0 | S43: 0 | T43: 0 | U43: 0 | V43: 0 | W43: 0 | X43: 0 | Y43: 0 | Z43: 0 | AA43: 1 | AB43: 0 | AC43: 0 | AD43: 0 | AE43: 0 | AF43: 0 | AG43: 1 | AH43: 0 | AI43: 0 | AJ43: 0 | AK43: 0 | AL43: 0 | AM43: 0 | AN43: 0 | AO43: 0 | AP43: 0 | AQ43: 0 | AR43: 0 | AS43: 0 | AT43: 0 | AU43: 0 | AV43: 0 | AW43: 0 | AX43: 0 | AY43: 0 | AZ43: 0 | BA43: 0 | BB43: 0 | BC43: 0 | BD43: =+Habilidad!B43 -> 1 | BE43: =+Habilidad!C43 -> 1 | BF43: =+Habilidad!D43 -> 1 | BG43: =+Habilidad!E43 -> 0
A44: T43 | B44: 0 | C44: 0 | D44: 0 | E44: 0 | F44: 0 | G44: =+IF(J44=1,1,0) -> 0 | H44: 0 | I44: 0 | J44: 0 | K44: 1 | L44: 0 | M44: 0 | N44: 0 | O44: 0 | P44: 0 | Q44: 0 | R44: 0 | S44: 0 | T44: 0 | U44: 0 | V44: 0 | W44: 0 | X44: 0 | Y44: 0 | Z44: 0 | AA44: 1 | AB44: 0 | AC44: 0 | AD44: 0 | AE44: 0 | AF44: 0 | AG44: 1 | AH44: 0 | AI44: 0 | AJ44: 0 | AK44: 0 | AL44: 0 | AM44: 0 | AN44: 0 | AO44: 0 | AP44: 0 | AQ44: 0 | AR44: 0 | AS44: 0 | AT44: 0 | AU44: 0 | AV44: 0 | AW44: 0 | AX44: 0 | AY44: 0 | AZ44: 0 | BA44: 0 | BB44: 0 | BC44: 0 | BD44: =+Habilidad!B44 -> 1 | BE44: =+Habilidad!C44 -> 1 | BF44: =+Habilidad!D44 -> 1 | BG44: =+Habilidad!E44 -> 0
A45: T44 | B45: =+B15 -> 0 | C45: 0 | D45: 1 | E45: 0 | F45: 0 | G45: =+IF(J45=1,1,0) -> 1 | H45: 0 | I45: 0 | J45: 1 | K45: 0 | L45: 1 | M45: 1 | N45: 1 | O45: 0 | P45: 0 | Q45: 0 | R45: 1 | S45: 0 | T45: 0 | U45: 0 | V45: 0 | W45: 0 | X45: 0 | Y45: 0 | Z45: 0 | AA45: 0 | AB45: 0 | AC45: 0 | AD45: 0 | AE45: 0 | AF45: 0 | AG45: 0 | AH45: 0 | AI45: 0 | AJ45: 0 | AK45: 0 | AL45: 0 | AM45: 0 | AN45: 1 | AO45: 0 | AP45: 0 | AQ45: 1 | AR45: 0 | AS45: 0 | AT45: 0 | AU45: 0 | AV45: 0 | AW45: 0 | AX45: 0 | AY45: 0 | AZ45: 1 | BA45: 0 | BB45: 0 | BC45: 0 | BD45: =+Habilidad!B45 -> 1 | BE45: =+Habilidad!C45 -> 1 | BF45: =+Habilidad!D45 -> 1 | BG45: =+Habilidad!E45 -> 0
A46: T45 | B46: 0 | C46: 0 | D46: 0 | E46: 0 | F46: 0 | G46: =+IF(J46=1,1,0) -> 0 | H46: 0 | I46: 0 | J46: 0 | K46: 1 | L46: 0 | M46: 0 | N46: 0 | O46: 0 | P46: 0 | Q46: 0 | R46: 0 | S46: 0 | T46: 0 | U46: 0 | V46: 0 | W46: 0 | X46: 0 | Y46: 0 | Z46: 0 | AA46: 1 | AB46: 0 | AC46: 0 | AD46: 0 | AE46: 0 | AF46: 0 | AG46: 1 | AH46: 0 | AI46: 0 | AJ46: 0 | AK46: 0 | AL46: 0 | AM46: 0 | AN46: 0 | AO46: 0 | AP46: 0 | AQ46: 0 | AR46: 0 | AS46: 0 | AT46: 0 | AU46: 0 | AV46: 0 | AW46: 0 | AX46: 0 | AY46: 0 | AZ46: 0 | BA46: 0 | BB46: 0 | BC46: 0 | BD46: =+Habilidad!B46 -> 1 | BE46: =+Habilidad!C46 -> 1 | BF46: =+Habilidad!D46 -> 1 | BG46: =+Habilidad!E46 -> 0
A47: Sede 1 | B47: =+K_si!B2 -> 1 | C47: =+K_si!C2 -> 1 | D47: =+K_si!D2 -> 1 | E47: =+K_si!E2 -> 1 | F47: =+K_si!F2 -> 0 | G47: =+K_si!G2 -> 0 | H47: =+K_si!H2 -> 1 | I47: =+K_si!I2 -> 1 | ... BC47: =+K_si!BC2 -> 0
A48: Sede 2 | B48: =+K_si!B3 -> 0 | C48: =+K_si!C3 -> 0 | D48: =+K_si!D3 -> 0 | E48: =+K_si!E3 -> 0 | F48: =+K_si!F3 -> 1 | G48: =+K_si!G3 -> 1 | H48: =+K_si!H3 -> 0 | I48: =+K_si!I3 -> 0 | ... BC48: =+K_si!BC3 -> 0
A49: Sede 3 | B49: =+K_si!B4 -> 0 | C49: =+K_si!C4 -> 0 | D49: =+K_si!D4 -> 0 | E49: =+K_si!E4 -> 0 | F49: =+K_si!F4 -> 0 | G49: =+K_si!G4 -> 1 | H49: =+K_si!H4 -> 0 | I49: =+K_si!I4 -> 0 | ... BC49: =+K_si!BC4 -> 0
A50: Sede 4 | B50: =+K_si!B5 -> 0 | C50: =+K_si!C5 -> 0 | D50: =+K_si!D5 -> 1 | E50: =+K_si!E5 -> 1 | F50: =+K_si!F5 -> 1 | G50: =+K_si!G5 -> 1 | H50: =+K_si!H5 -> 1 | I50: =+K_si!I5 -> 1 | ... BC50: =+K_si!BC5 -> 0
A51: Sede 5 | B51: =+K_si!B6 -> 0 | C51: =+K_si!C6 -> 0 | D51: =+K_si!D6 -> 0 | E51: =+K_si!E6 -> 0 | F51: =+K_si!F6 -> 0 | G51: =+K_si!G6 -> 0 | H51: =+K_si!H6 -> 0 | I51: =+K_si!I6 -> 0 | ... BC51: =+K_si!BC6 -> 1

Sheet DEMANDA
B1: O1 | C1: O2 | D1: O3 | E1: O4 | F1: O5 | G1: O6 | H1: O7 | I1: O8 | J1: O9 | K1: O10 | L1: O11 | M1: O12 | N1: O13 | O1: O14 | P1: O15 | Q1: O16 | R1: O17 | S1: OP1 | T1: OP2 | U1: OP3 | V1: OP4 | W1: OP5 | X1: OP6 | Y1: OP7 | Z1: OP8 | AA1: OP 9 | AB1: OP10 | AC1: E1 | AD1: E2 | AE1: E3 | AF1: E4 | AG1: E5 | AH1: E6 | AI1: E7 | AJ1: E8 | AK1: E9 | AL1: E10 | AM1: E11 | AN1: C1 | AO1: C2 | AP1: C3 | AQ1: C4 | AR1: C5 | AS1: C6 | AT1: C7 | AU1: C8 | AV1: C9 | AW1: L1 | AX1: L2 | AY1: S1 | AZ1: S2 | BA1: U1 | BB1: U2 | BC1: U3
A2: S1 | B2: 324 | C2: 291 | D2: 202 | E2: 205 | F2: 0 | G2: 0 | H2: 91 | I2: 94 | J2: 678 | K2: 0 | L2: 250 | M2: 190 | N2: 153 | O2: 60 | P2: 182 | Q2: 0 | R2: 1495 | S2: 0 | T2: 0 | U2: 1221 | V2: 0 | W2: 0 | X2: 0 | Y2: 44 | Z2: 1495 | AA2: 120 | AB2: 0 | AC2: 135 | AD2: 0 | AE2: 223 | AF2: 206 | AG2: 265 | AH2: 229 | AI2: 728 | AJ2: 78 | AK2: 19 | AL2: 172 | AM2: 0 | AN2: 46 | AO2: 6 | AP2: 174 | AQ2: 103 | AR2: 43 | AS2: 40 | AT2: 5 | AU2: 10 | AV2: 292 | AW2: 67 | AX2: 159 | AY2: 65 | AZ2: 10 | BA2: 0 | BB2: 0 | BC2: 0
A3: S2 | B3: 0 | C3: 0 | D3: 0 | E3: 0 | F3: 294 | G3: 1800 | H3: 0 | I3: 0 | J3: 0 | K3: =1800/2 -> 900 | L3: 0 | M3: 185 | N3: 0 | O3: 0 | P3: 0 | Q3: 883 | R3: 0 | S3: 0 | T3: 50 | U3: 1221 | V3: 184 | W3: 0 | X3: =146/2 -> 73 | Y3: 0 | Z3: 0 | AA3: 0 | AB3: 69 | AC3: 0 | AD3: 0 | AE3: 0 | AF3: 0 | AG3: 0 | AH3: 0 | AI3: 0 | AJ3: 0 | AK3: 0 | AL3: 0 | AM3: 0 | AN3: 0 | AO3: 0 | AP3: 0 | AQ3: 0 | AR3: 0 | AS3: 0 | AT3: 0 | AU3: 0 | AV3: 0 | AW3: 0 | AX3: 0 | AY3: 0 | AZ3: 0 | BA3: 0 | BB3: 0 | BC3: 0
A4: S3 | B4: 0 | C4: 0 | D4: 0 | E4: 0 | F4: 0 | G4: 935 | H4: 0 | I4: 0 | J4: 0 | K4: =935/2 -> 467.5 | L4: 0 | M4: 0 | N4: 0 | O4: 0 | P4: 0 | Q4: 0 | R4: 0 | S4: 0 | T4: 0 | U4: 244 | V4: 0 | W4: 0 | X4: 0 | Y4: 0 | Z4: 0 | AA4: 0 | AB4: 0 | AC4: 0 | AD4: 0 | AE4: 0 | AF4: 0 | AG4: 0 | AH4: 0 | AI4: 0 | AJ4: 0 | AK4: 0 | AL4: 0 | AM4: 0 | AN4: 0 | AO4: 0 | AP4: 0 | AQ4: 0 | AR4: 0 | AS4: 0 | AT4: 0 | AU4: 0 | AV4: 0 | AW4: 0 | AX4: 0 | AY4: 0 | AZ4: 0 | BA4: 0 | BB4: 0 | BC4: 0
A5: S4 | B5: 0 | C5: 0 | D5: 40 | E5: 40 | F5: 40 | G5: 620 | H5: 40 | I5: 81 | J5: 0 | K5: 620 | L5: 40 | M5: 40 | N5: 30 | O5: 0 | P5: 0 | Q5: 0 | R5: 0 | S5: 0 | T5: 0 | U5: 30 | V5: 0 | W5: 0 | X5: 0 | Y5: 0 | Z5: 0 | AA5: 0 | AB5: 0 | AC5: 0 | AD5: 20 | AE5: 30 | AF5: 0 | AG5: 0 | AH5: 0 | AI5: 0 | AJ5: 0 | AK5: 0 | AL5: 17 | AM5: 166 | AN5: 0 | AO5: 0 | AP5: 0 | AQ5: 0 | AR5: 0 | AS5: 0 | AT5: 0 | AU5: 0 | AV5: 0 | AW5: 0 | AX5: 0 | AY5: 0 | AZ5: 0 | BA5: 0 | BB5: 0 | BC5: 0
A6: S5 | B6: 0 | C6: 0 | D6: 0 | E6: 0 | F6: 0 | G6: 0 | H6: 0 | I6: 0 | J6: 0 | K6: 0 | L6: 0 | M6: 0 | N6: 0 | O6: 0 | P6: 0 | Q6: 0 | R6: 0 | S6: 0 | T6: 0 | U6: 0 | V6: 0 | W6: 0 | X6: 0 | Y6: 0 | Z6: 0 | AA6: 0 | AB6: 0 | AC6: 0 | AD6: 0 | AE6: 0 | AF6: 0 | AG6: 0 | AH6: 0 | AI6: 0 | AJ6: 0 | AK6: 0 | AL6: 0 | AM6: 0 | AN6: 0 | AO6: 0 | AP6: 0 | AQ6: 0 | AR6: 0 | AS6: 0 | AT6: 0 | AU6: 0 | AV6: 0 | AW6: 0 | AX6: 0 | AY6: 0 | AZ6: 0 | BA6: 80 | BB6: 80 | BC6: 80

Sheet D_si(2)
B1: O1 | C1: O2 | D1: O3 | E1: O4 | F1: O5 | G1: O6 | H1: O7 | I1: O8 | J1: O9 | K1: O10 | L1: O11 | M1: O12 | N1: O13 | O1: O14 | P1: O15 | Q1: O16 | R1: O17 | S1: OP1 | T1: OP2 | U1: OP3 | V1: OP4 | W1: OP5 | X1: OP6 | Y1: OP7 | Z1: OP8 | AA1: OP 9 | AB1: OP10 | AC1: E1 | AD1: E2 | AE1: E3 | AF1: E4 | AG1: E5 | AH1: E6 | AI1: E7 | AJ1: E8 | AK1: E9 | AL1: E10 | AM1: E11 | AN1: C1 | AO1: C2 | AP1: C3 | AQ1: C4 | AR1: C5 | AS1: C6 | AT1: C7 | AU1: C8 | AV1: C9 | AW1: L1 | AX1: L2 | AY1: S1 | AZ1: S2 | BA1: U1 | BB1: U2 | BC1: U3
A2: S1 | B2: =+DEMANDA!B2-DEMANDA!B2 -> 0 | C2: =+DEMANDA!C2-DEMANDA!C2 -> 0 | D2: =+DEMANDA!D2-DEMANDA!D2 -> 0 | E2: =+DEMANDA!E2-DEMANDA!E2 -> 0 | F2: =+DEMANDA!F2-DEMANDA!F2 -> 0 | G2: =+DEMANDA!G2-DEMANDA!G2 -> 0 | H2: =+DEMANDA!H2-DEMANDA!H2 -> 0 | I2: =+DEMANDA!I2-DEMANDA!I2 -> 0 | ... AM2: =+DEMANDA!AM2-DEMANDA!AM2 -> 0 | AN2: =+DEMANDA!AN2 -> 46 | AO2: =+DEMANDA!AO2 -> 6 | AP2: =+DEMANDA!AP2 -> 174 | AQ2: =+DEMANDA!AQ2 -> 103 | AR2: =+DEMANDA!AR2 -> 43 | AS2: =+DEMANDA!AS2 -> 40 | AT2: =+DEMANDA!AT2 -> 5 | AU2: =+DEMANDA!AU2 -> 10 | AV2: =+DEMANDA!AV2 -> 292 | AW2: =+DEMANDA!AW2-DEMANDA!AW2 -> 0 | AX2: =+DEMANDA!AX2-DEMANDA!AX2 -> 0 | AY2: =+DEMANDA!AY2-DEMANDA!AY2 -> 0 | AZ2: =+DEMANDA!AZ2-DEMANDA!AZ2 -> 0 | BA2: =+DEMANDA!BA2-DEMANDA!BA2 -> 0 | BB2: =+DEMANDA!BB2-DEMANDA!BB2 -> 0 | BC2: =+DEMANDA!BC2-DEMANDA!BC2 -> 0
A3: S2 | B3: =+DEMANDA!B3-DEMANDA!B3 -> 0 | C3: =+DEMANDA!C3-DEMANDA!C3 -> 0 | D3: =+DEMANDA!D3-DEMANDA!D3 -> 0 | E3: =+DEMANDA!E3-DEMANDA!E3 -> 0 | F3: =+DEMANDA!F3-DEMANDA!F3 -> 0 | G3: =+DEMANDA!G3-DEMANDA!G3 -> 0 | H3: =+DEMANDA!H3-DEMANDA!H3 -> 0 | I3: =+DEMANDA!I3-DEMANDA!I3 -> 0 | ... BC3: =+DEMANDA!BC3-DEMANDA!BC3 -> 0
A4: S3 | B4: =+DEMANDA!B4-DEMANDA!B4 -> 0 | C4: =+DEMANDA!C4-DEMANDA!C4 -> 0 | D4: =+DEMANDA!D4-DEMANDA!D4 -> 0 | E4: =+DEMANDA!E4-DEMANDA!E4 -> 0 | F4: =+DEMANDA!F4-DEMANDA!F4 -> 0 | G4: =+DEMANDA!G4-DEMANDA!G4 -> 0 | H4: =+DEMANDA!H4-DEMANDA!H4 -> 0 | I4: =+DEMANDA!I4-DEMANDA!I4 -> 0 | ... BC4: =+DEMANDA!BC4-DEMANDA!BC4 -> 0
A5: S4 | B5: =+DEMANDA!B5-DEMANDA!B5 -> 0 | C5: =+DEMANDA!C5-DEMANDA!C5 -> 0 | D5: =+DEMANDA!D5-DEMANDA!D5 -> 0 | E5: =+DEMANDA!E5-DEMANDA!E5 -> 0 | F5: =+DEMANDA!F5-DEMANDA!F5 -> 0 | G5: =+DEMANDA!G5-DEMANDA!G5 -> 0 | H5: =+DEMANDA!H5-DEMANDA!H5 -> 0 | I5: =+DEMANDA!I5-DEMANDA!I5 -> 0 | ... BC5: =+DEMANDA!BC5-DEMANDA!BC5 -> 0
A6: S5 | B6: =+DEMANDA!B6-DEMANDA!B6 -> 0 | C6: =+DEMANDA!C6-DEMANDA!C6 -> 0 | D6: =+DEMANDA!D6-DEMANDA!D6 -> 0 | E6: =+DEMANDA!E6-DEMANDA!E6 -> 0 | F6: =+DEMANDA!F6-DEMANDA!F6 -> 0 | G6: =+DEMANDA!G6-DEMANDA!G6 -> 0 | H6: =+DEMANDA!H6-DEMANDA!H6 -> 0 | I6: =+DEMANDA!I6-DEMANDA!I6 -> 0 | ... BC6: =+DEMANDA!BC6-DEMANDA!BC6 -> 0

Sheet D_si
B1: O1 | C1: O2 | D1: O3 | E1: O4 | F1: O5 | G1: O6 | H1: O7 | I1: O8 | J1: O9 | K1: O10 | L1: O11 | M1: O12 | N1: O13 | O1: O14 | P1: O15 | Q1: O16 | R1: O17 | S1: OP1 | T1: OP2 | U1: OP3 | V1: OP4 | W1: OP5 | X1: OP6 | Y1: OP7 | Z1: OP8 | AA1: OP 9 | AB1: OP10 | AC1: E1 | AD1: E2 | AE1: E3 | AF1: E4 | AG1: E5 | AH1: E6 | AI1: E7 | AJ1: E8 | AK1: E9 | AL1: E10 | AM1: E11 | AN1: C1 | AO1: C2 | AP1: C3 | AQ1: C4 | AR1: C5 | AS1: C6 | AT1: C7 | AU1: C8 | AV1: C9 | AW1: L1 | AX1: L2 | AY1: S1 | AZ1: S2 | BA1: U1 | BB1: U2 | BC1: U3
A2: S1 | B2: =+DEMANDA!B2 -> 324 | C2: =+DEMANDA!C2 -> 291 | D2: =+DEMANDA!D2 -> 202 | E2: =+DEMANDA!E2 -> 205 | F2: =+DEMANDA!F2 -> 0 | G2: =+DEMANDA!G2 -> 0 | H2: =+DEMANDA!H2 -> 91 | I2: =+DEMANDA!I2 -> 94 | ... AM2: =+DEMANDA!AM2 -> 0 | AN2: =+DEMANDA!AN2-DEMANDA!AN2 -> 0 | AO2: =+DEMANDA!AO2-DEMANDA!AO2 -> 0 | AP2: =+DEMANDA!AP2-DEMANDA!AP2 -> 0 | AQ2: =+DEMANDA!AQ2-DEMANDA!AQ2 -> 0 | AR2: =+DEMANDA!AR2-DEMANDA!AR2 -> 0 | AS2: =+DEMANDA!AS2-DEMANDA!AS2 -> 0 | AT2: =+DEMANDA!AT2-DEMANDA!AT2 -> 0 | AU2: =+DEMANDA!AU2-DEMANDA!AU2 -> 0 | AV2: =+DEMANDA!AV2-DEMANDA!AV2 -> 0 | AW2: =+DEMANDA!AW2 -> 67 | AX2: =+DEMANDA!AX2 -> 159 | AY2: =+DEMANDA!AY2 -> 65 | AZ2: =+DEMANDA!AZ2 -> 10 | BA2: =+DEMANDA!BA2 -> 0 | BB2: =+DEMANDA!BB2 -> 0 | BC2: =+DEMANDA!BC2 -> 0
A3: S2 | B3: =+DEMANDA!B3 -> 0 | C3: =+DEMANDA!C3 -> 0 | D3: =+DEMANDA!D3 -> 0 | E3: =+DEMANDA!E3 -> 0 | F3: =+DEMANDA!F3 -> 294 | G3: =+DEMANDA!G3 -> 1800 | H3: =+DEMANDA!H3 -> 0 | I3: =+DEMANDA!I3 -> 0 | ... BC3: =+DEMANDA!BC3 -> 0
A4: S3 | B4: =+DEMANDA!B4 -> 0 | C4: =+DEMANDA!C4 -> 0 | D4: =+DEMANDA!D4 -> 0 | E4: =+DEMANDA!E4 -> 0 | F4: =+DEMANDA!F4 -> 0 | G4: =+DEMANDA!G4 -> 935 | H4: =+DEMANDA!H4 -> 0 | I4: =+DEMANDA!I4 -> 0 | ... BC4: =+DEMANDA!BC4 -> 0
A5: S4 | B5: =+DEMANDA!B5 -> 0 | C5: =+DEMANDA!C5 -> 0 | D5: =+DEMANDA!D5 -> 40 | E5: =+DEMANDA!E5 -> 40 | F5: =+DEMANDA!F5 -> 40 | G5: =+DEMANDA!G5 -> 620 | H5: =+DEMANDA!H5 -> 40 | I5: =+DEMANDA!I5 -> 81 | ... BC5: =+DEMANDA!BC5 -> 0
A6: S5 | B6: =+DEMANDA!B6 -> 0 | C6: =+DEMANDA!C6 -> 0 | D6: =+DEMANDA!D6 -> 0 | E6: =+DEMANDA!E6 -> 0 | F6: =+DEMANDA!F6 -> 0 | G6: =+DEMANDA!G6 -> 0 | H6: =+DEMANDA!H6 -> 0 | I6: =+DEMANDA!I6 -> 0 | ... BC6: =+DEMANDA!BC6 -> 80

Sheet K_si
B1: O1 | C1: O2 | D1: O3 | E1: O4 | F1: O5 | G1: O6 | H1: O7 | I1: O8 | J1: O9 | K1: O10 | L1: O11 | M1: O12 | N1: O13 | O1: O14 | P1: O15 | Q1: O16 | R1: O17 | S1: OP1 | T1: OP2 | U1: OP3 | V1: OP4 | W1: OP5 | X1: OP6 | Y1: OP7 | Z1: OP8 | AA1: OP 9 | AB1: OP10 | AC1: E1 | AD1: E2 | AE1: E3 | AF1: E4 | AG1: E5 | AH1: E6 | AI1: E7 | AJ1: E8 | AK1: E9 | AL1: E10 | AM1: E11 | AN1: C1 | AO1: C2 | AP1: C3 | AQ1: C4 | AR1: C5 | AS1: C6 | AT1: C7 | AU1: C8 | AV1: C9 | AW1: L1 | AX1: L2 | AY1: S1 | AZ1: S2 | BA1: U1 | BB1: U2 | BC1: U3
A2: S1 | B2: =+IF(DEMANDA!B2>=1,1,0) -> 1 | C2: =+IF(DEMANDA!C2>=1,1,0) -> 1 | D2: =+IF(DEMANDA!D2>=1,1,0) -> 1 | E2: =+IF(DEMANDA!E2>=1,1,0) -> 1 | F2: =+IF(DEMANDA!F2>=1,1,0) -> 0 | G2: =+IF(DEMANDA!G2>=1,1,0) -> 0 | H2: =+IF(DEMANDA!H2>=1,1,0) -> 1 | I2: =+IF(DEMANDA!I2>=1,1,0) -> 1 | ... BC2: =+IF(DEMANDA!BC2>=1,1,0) -> 0
A3: S2 | B3: =+IF(DEMANDA!B3>=1,1,0) -> 0 | C3: =+IF(DEMANDA!C3>=1,1,0) -> 0 | D3: =+IF(DEMANDA!D3>=1,1,0) -> 0 | E3: =+IF(DEMANDA!E3>=1,1,0) -> 0 | F3: =+IF(DEMANDA!F3>=1,1,0) -> 1 | G3: =+IF(DEMANDA!G3>=1,1,0) -> 1 | H3: =+IF(DEMANDA!H3>=1,1,0) -> 0 | I3: =+IF(DEMANDA!I3>=1,1,0) -> 0 | ... BC3: =+IF(DEMANDA!BC3>=1,1,0) -> 0
A4: S3 | B4: =+IF(DEMANDA!B4>=1,1,0) -> 0 | C4: =+IF(DEMANDA!C4>=1,1,0) -> 0 | D4: =+IF(DEMANDA!D4>=1,1,0) -> 0 | E4: =+IF(DEMANDA!E4>=1,1,0) -> 0 | F4: =+IF(DEMANDA!F4>=1,1,0) -> 0 | G4: =+IF(DEMANDA!G4>=1,1,0) -> 1 | H4: =+IF(DEMANDA!H4>=1,1,0) -> 0 | I4: =+IF(DEMANDA!I4>=1,1,0) -> 0 | ... BC4: =+IF(DEMANDA!BC4>=1,1,0) -> 0
A5: S4 | B5: =+IF(DEMANDA!B5>=1,1,0) -> 0 | C5: =+IF(DEMANDA!C5>=1,1,0) -> 0 | D5: =+IF(DEMANDA!D5>=1,1,0) -> 1 | E5: =+IF(DEMANDA!E5>=1,1,0) -> 1 | F5: =+IF(DEMANDA!F5>=1,1,0) -> 1 | G5: =+IF(DEMANDA!G5>=1,1,0) -> 1 | H5: =+IF(DEMANDA!H5>=1,1,0) -> 1 | I5: =+IF(DEMANDA!I5>=1,1,0) -> 1 | ... BC5: =+IF(DEMANDA!BC5>=1,1,0) -> 0
A6: S5 | B6: =+IF(DEMANDA!B6>=1,1,0) -> 0 | C6: =+IF(DEMANDA!C6>=1,1,0) -> 0 | D6: =+IF(DEMANDA!D6>=1,1,0) -> 0 | E6: =+IF(DEMANDA!E6>=1,1,0) -> 0 | F6: =+IF(DEMANDA!F6>=1,1,0) -> 0 | G6: =+IF(DEMANDA!G6>=1,1,0) -> 0 | H6: =+IF(DEMANDA!H6>=1,1,0) -> 0 | I6: =+IF(DEMANDA!I6>=1,1,0) -> 0 | ... BC6: =+IF(DEMANDA!BC6>=1,1,0) -> 1

Sheet Costo
B1: O1 | C1: O2 | D1: O3 | E1: O4 | F1: O5 | G1: O6 | H1: O7 | I1: O8 | J1: O9 | K1: O10 | L1: O11 | M1: O12 | N1: O13 | O1: O14 | P1: O15 | Q1: O16 | R1: O17 | S1: OP1 | T1: OP2 | U1: OP3 | V1: OP4 | W1: OP5 | X1: OP6 | Y1: OP7 | Z1: OP8 | AA1: OP 9 | AB1: OP10 | AC1: E1 | AD1: E2 | AE1: E3 | AF1: E4 | AG1: E5 | AH1: E6 | AI1: E7 | AJ1: E8 | AK1: E9 | AL1: E10 | AM1: E11 | AN1: C1 | AO1: C2 | AP1: C3 | AQ1: C4 | AR1: C5 | AS1: C6 | AT1: C7 | AU1: C8 | AV1: C9 | AW1: L1 | AX1: L2 | AY1: S1 | AZ1: S2 | BA1: U1 | BB1: U2 | BC1: U3
A2: S1 | B2: =+IF(D_si!B2>0,1,10000) -> 1 | C2: =+IF(D_si!C2>0,1,10000) -> 1 | D2: =+IF(D_si!D2>0,1,10000) -> 1 | E2: =+IF(D_si!E2>0,1,10000) -> 1 | F2: =+IF(D_si!F2>0,1,10000) -> 10000 | G2: =+IF(D_si!G2>0,1,10000) -> 10000 | H2: =+IF(D_si!H2>0,1,10000) -> 1 | I2: =+IF(D_si!I2>0,1,10000) -> 1 | ... BC2: =+IF(D_si!BC2>0,1,10000) -> 10000
A3: S2 | B3: =+IF(D_si!B3>0,1,10000) -> 10000 | C3: =+IF(D_si!C3>0,1,10000) -> 10000 | D3: =+IF(D_si!D3>0,1,10000) -> 10000 | E3: =+IF(D_si!E3>0,1,10000) -> 10000 | F3: =+IF(D_si!F3>0,1,10000) -> 1 | G3: =+IF(D_si!G3>0,1,10000) -> 1 | H3: =+IF(D_si!H3>0,1,10000) -> 10000 | I3: =+IF(D_si!I3>0,1,10000) -> 10000 | ... BC3: =+IF(D_si!BC3>0,1,10000) -> 10000
A4: S3 | B4: =+IF(D_si!B4>0,20,10000) -> 10000 | C4: =+IF(D_si!C4>0,20,10000) -> 10000 | D4: =+IF(D_si!D4>0,20,10000) -> 10000 | E4: =+IF(D_si!E4>0,20,10000) -> 10000 | F4: =+IF(D_si!F4>0,20,10000) -> 10000 | G4: =+IF(D_si!G4>0,20,10000) -> 20 | H4: =+IF(D_si!H4>0,20,10000) -> 10000 | I4: =+IF(D_si!I4>0,20,10000) -> 10000 | ... BC4: =+IF(D_si!BC4>0,20,10000) -> 10000
A5: S4 | B5: =+IF(D_si!B5>0,1,10000) -> 10000 | C5: =+IF(D_si!C5>0,1,10000) -> 10000 | D5: =+IF(D_si!D5>0,1,10000) -> 1 | E5: =+IF(D_si!E5>0,1,10000) -> 1 | F5: =+IF(D_si!F5>0,1,10000) -> 1 | G5: =+IF(D_si!G5>0,1,10000) -> 1 | H5: =+IF(D_si!H5>0,1,10000) -> 1 | I5: =+IF(D_si!I5>0,1,10000) -> 1 | ... BC5: =+IF(D_si!BC5>0,1,10000) -> 10000
A6: S5 | B6: =+IF(D_si!B6>0,1,10000) -> 10000 | C6: =+IF(D_si!C6>0,1,10000) -> 10000 | D6: =+IF(D_si!D6>0,1,10000) -> 10000 | E6: =+IF(D_si!E6>0,1,10000) -> 10000 | F6: =+IF(D_si!F6>0,1,10000) -> 10000 | G6: =+IF(D_si!G6>0,1,10000) -> 10000 | H6: =+IF(D_si!H6>0,1,10000) -> 10000 | I6: =+IF(D_si!I6>0,1,10000) -> 10000 | ... BC6: =+IF(D_si!BC6>0,1,10000) -> 1

Sheet CON_HAB
A1: SEDE 1 | B1: O1 | C1: O2 | D1: O3 | E1: O4 | F1: O5 | G1: O6 | H1: O7 | I1: O8 | J1: O9 | K1: O10 | L1: O11 | M1: O12 | N1: O13 | O1: O14 | P1: O15 | Q1: O16 | R1: O17 | S1: OP1 | T1: OP2 | U1: OP3 | V1: OP4 | W1: OP5 | X1: OP6 | Y1: OP 7 | Z1: OP8 | AA1: OP9 | AB1: OP10 | AC1: E1 | AD1: E2 | AE1: E3 | AF1: E4 | AG1: E5 | AH1: E6 | AI1: E7 | AJ1: E8 | AK1: E9 | AL1: E10 | AM1: E11 | AN1: C1 | AO1: C2 | AP1: C3 | AQ1: C4 | AR1: C5 | AS1: C6 | AT1: C7 | AU1: C8 | AV1: C9 | AW1: L1 | AX1: L2 | AY1: S1 | AZ1: S2 | BA1: E1 | BB1: E2 | BC1: E3
A2: C1 | B2: 1 | C2: 1 | D2: 1 | E2: 1 | F2: 1 | G2: 1 | H2: 1 | I2: 1 | J2: 1 | K2: 1 | L2: 1 | M2: 1 | N2: 1 | O2: 1 | P2: 1 | Q2: 0 | R2: 0 | S2: 0 | T2: 0 | U2: 0 | V2: 0 | W2: 0 | X2: 0 | Y2: 0 | Z2: 0 | AA2: 0 | AB2: 0 | AC2: 0 | AD2: 0 | AE2: 0 | AF2: 0 | AG2: 0 | AH2: 0 | AI2: 0 | AJ2: 0 | AK2: 0 | AL2: 0 | AM2: 0 | AN2: 0 | AO2: 0 | AP2: 0 | AQ2: 0 | AR2: 0 | AS2: 0 | AT2: 0 | AU2: 0 | AV2: 1 | AW2: 0 | AX2: 0 | AY2: 0 | AZ2: 0 | BA2: 1 | BB2: 0 | BC2: 0
A3: C2 | B3: =+B2 -> 1 | C3: =+C2 -> 1 | D3: =+D2 -> 1 | E3: =+E2 -> 1 | F3: =+F2 -> 1 | G3: =+G2 -> 1 | H3: =+H2 -> 1 | I3: =+I2 -> 1 | ... O3: =+O2 -> 1 | P3: 1 | Q3: 0 | R3: 0 | S3: =+S2 -> 0 | T3: =+T2 -> 0 | U3: =+U2 -> 0 | V3: =+V2 -> 0 | W3: =+W2 -> 0 | X3: =+X2 -> 0 | Y3: 0 | Z3: 0 | AA3: 0 | AB3: 0 | AC3: 0 | AD3: 0 | AE3: 0 | AF3: 0 | AG3: 0 | AH3: 0 | AI3: 0 | AJ3: 0 | AK3: 0 | AL3: 0 | AM3: 0 | AN3: 0 | AO3: 0 | AP3: 0 | AQ3: 0 | AR3: 0 | AS3: 0 | AT3: 0 | AU3: 0 | AV3: 1 | AW3: 0 | AX3: 0 | AY3: 0 | AZ3: 0 | BA3: 1 | BB3: 0 | BC3: 0
A4: C3 | B4: 1 | C4: =+C3 -> 1 | D4: =+D3 -> 1 | E4: =+E3 -> 1 | F4: =+F3 -> 1 | G4: =+G3 -> 1 | H4: =+H3 -> 1 | I4: =+I3 -> 1 | J4: =+J3 -> 1 | ... M4: =+M3 -> 1 | N4: 0 | O4: 0 | P4: 1 | Q4: 0 | R4: 0 | S4: =+S3 -> 0 | T4: =+T3 -> 0 | U4: =+U3 -> 0 | V4: =+V3 -> 0 | W4: =+W3 -> 0 | X4: =+X3 -> 0 | Y4: 0 | Z4: 0 | AA4: 0 | AB4: 0 | AC4: 0 | AD4: 0 | AE4: 0 | AF4: 0 | AG4: 0 | AH4: 0 | AI4: 0 | AJ4: 0 | AK4: 0 | AL4: 0 | AM4: 0 | AN4: 0 | AO4: 0 | AP4: 0 | AQ4: 0 | AR4: 0 | AS4: 0 | AT4: 0 | AU4: 0 | AV4: 1 | AW4: 0 | AX4: 0 | AY4: 0 | AZ4: 0 | BA4: 1 | BB4: 0 | BC4: 0
A5: C4 | B5: 0 | C5: 0 | D5: 0 | E5: 0 | F5: 0 | G5: 0 | H5: 0 | I5: 0 | J5: 0 | K5: 1 | L5: 0 | M5: 0 | N5: 0 | O5: 0 | P5: 1 | Q5: 0 | R5: 0 | S5: 1 | T5: 1 | U5: 1 | V5: 1 | W5: 0 | X5: 0 | Y5: 1 | Z5: 1 | AA5: 1 | AB5: 0 | AC5: 0 | AD5: 0 | AE5: 0 | AF5: 0 | AG5: 0 | AH5: 0 | AI5: 0 | AJ5: 0 | AK5: 0 | AL5: 0 | AM5: 0 | AN5: 0 | AO5: 0 | AP5: 0 | AQ5: 0 | AR5: 0 | AS5: 0 | AT5: 0 | AU5: 0 | AV5: 1 | AW5: 0 | AX5: 0 | AY5: 0 | AZ5: 0 | BA5: 0 | BB5: 0 | BC5: 0
A6: C5 | B6: 1 | C6: 1 | D6: 1 | E6: 1 | F6: 1 | G6: 1 | H6: 1 | I6: 1 | J6: 1 | K6: 1 | L6: 1 | M6: 1 | N6: 0 | O6: 0 | P6: 1 | Q6: 0 | R6: 1 | S6: 0 | T6: 0 | U6: 0 | V6: 0 | W6: 0 | X6: 0 | Y6: 0 | Z6: 0 | AA6: 0 | AB6: 0 | AC6: 0 | AD6: 0 | AE6: 0 | AF6: 0 | AG6: 0 | AH6: 0 | AI6: 0 | AJ6: 0 | AK6: 0 | AL6: 0 | AM6: 0 | AN6: 0 | AO6: 0 | AP6: 0 | AQ6: 0 | AR6: 0 | AS6: 0 | AT6: 0 | AU6: 0 | AV6: 1 | AW6: 0 | AX6: 0 | AY6: 0 | AZ6: 0 | BA6: 1 | BB6: 0 | BC6: 0
A7: C6 | B7: 0 | C7: 0 | D7: 0 | E7: 0 | F7: 0 | G7: 0 | H7: 0 | I7: 0 | J7: 0 | K7: 1 | L7: 0 | M7: 0 | N7: 0 | O7: 0 | P7: 1 | Q7: 0 | R7: 0 | S7: 1 | T7: 1 | U7: 1 | V7: 1 | W7: 1 | X7: 1 | Y7: 1 | Z7: 1 | AA7: 1 | AB7: 0 | AC7: 0 | AD7: 0 | AE7: 0 | AF7: 0 | AG7: 0 | AH7: 0 | AI7: 0 | AJ7: 0 | AK7: 0 | AL7: 0 | AM7: 0 | AN7: 0 | AO7: 0 | AP7: 0 | AQ7: 0 | AR7: 0 | AS7: 0 | AT7: 0 | AU7: 0 | AV7: 1 | AW7: 0 | AX7: 0 | AY7: 0 | AZ7: 0 | BA7: 0 | BB7: 0 | BC7: 0
A8: C7 | B8: =+B7 -> 0 | C8: =+C7 -> 0 | D8: =+D7 -> 0 | E8: =+E7 -> 0 | F8: =+F7 -> 0 | G8: =+G7 -> 0 | H8: =+H7 -> 0 | I8: =+I7 -> 0 | J8: =+J7 -> 0 | K8: 1 | L8: =+L7 -> 0 | M8: =+M7 -> 0 | N8: =+N7 -> 0 | O8: =+O7 -> 0 | P8: 1 | Q8: 0 | R8: 0 | S8: =+S7 -> 1 | T8: =+T7 -> 1 | U8: =+U7 -> 1 | V8: =+V7 -> 1 | W8: =+W7 -> 1 | X8: =+X7 -> 1 | Y8: 1 | Z8: 1 | AA8: 1 | AB8: 0 | AC8: 0 | AD8: 0 | AE8: 0 | AF8: 0 | AG8: 0 | AH8: 0 | AI8: 0 | AJ8: 0 | AK8: 0 | AL8: 0 | AM8: 0 | AN8: 0 | AO8: 0 | AP8: 0 | AQ8: 0 | AR8: 0 | AS8: 0 | AT8: 0 | AU8: 0 | AV8: 1 | AW8: 0 | AX8: 0 | AY8: 0 | AZ8: 0 | BA8: 0 | BB8: 0 | BC8: 0
A9: C8 | B9: =+B4 -> 1 | C9: =+C4 -> 1 | D9: =+D4 -> 1 | E9: =+E4 -> 1 | F9: =+F4 -> 1 | G9: =+G4 -> 1 | H9: =+H4 -> 1 | I9: =+I4 -> 1 | ... O9: =+O4 -> 0 | P9: 1 | Q9: 0 | R9: 1 | S9: =+S4 -> 0 | T9: =+T4 -> 0 | U9: =+U4 -> 0 | V9: =+V4 -> 0 | W9: =+W4 -> 0 | X9: =+X4 -> 0 | Y9: 0 | Z9: 0 | AA9: 0 | AB9: 0 | AC9: 0 | AD9: 0 | AE9: 0 | AF9: 0 | AG9: 0 | AH9: 0 | AI9: 0 | AJ9: 0 | AK9: 0 | AL9: 0 | AM9: 0 | AN9: 0 | AO9: 0 | AP9: 0 | AQ9: 0 | AR9: 0 | AS9: 0 | AT9: 0 | AU9: 0 | AV9: 1 | AW9: 0 | AX9: 0 | AY9: 0 | AZ9: 0 | BA9: 1 | BB9: 0 | BC9: 0
A10: C9 | B10: 0 | C10: 0 | D10: 0 | E10: 0 | F10: 0 | G10: 0 | H10: 0 | I10: 0 | J10: 0 | K10: 0 | L10: 0 | M10: 0 | N10: 0 | O10: 0 | P10: 0 | Q10: 0 | R10: 0 | S10: 0 | T10: 0 | U10: 0 | V10: 0 | W10: 0 | X10: 0 | Y10: 0 | Z10: 0 | AA10: 0 | AB10: 0 | AC10: 0 | AD10: 0 | AE10: 0 | AF10: 0 | AG10: 0 | AH10: 0 | AI10: 0 | AJ10: 0 | AK10: 0 | AL10: 0 | AM10: 0 | AN10: 1 | AO10: 1 | AP10: 1 | AQ10: 1 | AR10: 0 | AS10: 1 | AT10: 1 | AU10: 1 | AV10: 0 | AW10: 0 | AX10: 0 | AY10: 0 | AZ10: 0 | BA10: 0 | BB10: 0 | BC10: 0
A11: C10 | B11: 0 | C11: 0 | D11: 0 | E11: 0 | F11: 0 | G11: 0 | H11: 0 | I11: 0 | J11: 0 | K11: 0 | L11: 0 | M11: 0 | N11: 0 | O11: 0 | P11: 0 | Q11: 0 | R11: 0 | S11: 0 | T11: 0 | U11: 0 | V11: 0 | W11: 0 | X11: 0 | Y11: 0 | Z11: 0 | AA11: 0 | AB11: 0 | AC11: 0 | AD11: 0 | AE11: 0 | AF11: 0 | AG11: 0 | AH11: 0 | AI11: 0 | AJ11: 0 | AK11: 0 | AL11: 0 | AM11: 0 | AN11: 1 | AO11: 1 | AP11: 1 | AQ11: 1 | AR11: 1 | AS11: 1 | AT11: 1 | AU11: 1 | AV11: 0 | AW11: 0 | AX11: 0 | AY11: 0 | AZ11: 0 | BA11: 0 | BB11: 0 | BC11: 0
A12: C11 | B12: 0 | C12: 0 | D12: 0 | E12: 0 | F12: 0 | G12: 0 | H12: 0 | I12: 0 | J12: 0 | K12: 0 | L12: 0 | M12: 0 | N12: 0 | O12: 0 | P12: 1 | Q12: 0 | R12: 0 | S12: 0 | T12: 0 | U12: 0 | V12: 0 | W12: 0 | X12: 0 | Y12: 0 | Z12: 0 | AA12: 0 | AB12: 0 | AC12: 0 | AD12: 0 | AE12: 0 | AF12: 0 | AG12: 0 | AH12: 0 | AI12: 0 | AJ12: 0 | AK12: 0 | AL12: 0 | AM12: 0 | AN12: 0 | AO12: 0 | AP12: 0 | AQ12: 0 | AR12: 0 | AS12: 0 | AT12: 0 | AU12: 0 | AV12: 1 | AW12: 0 | AX12: 0 | AY12: 1 | AZ12: 1 | BA12: 0 | BB12: 0 | BC12: 0
A13: C12 | B13: 0 | C13: 0 | D13: 0 | E13: 0 | F13: 0 | G13: 0 | H13: 0 | I13: 0 | J13: 0 | K13: 0 | L13: 0 | M13: 0 | N13: 0 | O13: 0 | P13: 1 | Q13: 0 | R13: 0 | S13: 0 | T13: 0 | U13: 0 | V13: 0 | W13: 0 | X13: 0 | Y13: 0 | Z13: 0 | AA13: 0 | AB13: 0 | AC13: 1 | AD13: 1 | AE13: 1 | AF13: 1 | AG13: 1 | AH13: 1 | AI13: 1 | AJ13: 1 | AK13: 1 | AL13: 1 | AM13: 0 | AN13: 0 | AO13: 0 | AP13: 0 | AQ13: 0 | AR13: 0 | AS13: 0 | AT13: 0 | AU13: 0 | AV13: 0 | AW13: 1 | AX13: 1 | AY13: 0 | AZ13: 0 | BA13: 0 | BB13: 0 | BC13: 0
A16: SEDE 2 | B16: O1 | C16: O2 | D16: O3 | E16: O4 | F16: O5 | G16: O6 | H16: O7 | I16: O8 | J16: O9 | K16: O10 | L16: O11 | M16: O12 | N16: O13 | O16: O14 | P16: O15 | Q16: O16 | R16: O17 | S16: OP1 | T16: OP2 | U16: OP3 | V16: OP4 | W16: OP5 | X16: OP6 | Y16: OP 7 | Z16: OP8 | AA16: OP9 | AB16: OP10 | AC16: E1 | AD16: E2 | AE16: E3 | AF16: E4 | AG16: E5 | AH16: E6 | AI16: E7 | AJ16: E8 | AK16: E9 | AL16: E10 | AM16: E11 | AN16: C1 | AO16: C2 | AP16: C3 | AQ16: C4 | AR16: C5 | AS16: C6 | AT16: C7 | AU16: C8 | AV16: C9 | AW16: L1 | AX16: L2 | AY16: S1 | AZ16: S2 | BA16: E1 | BB16: E2 | BC16: E3
A17: C1 | B17: 0 | C17: 0 | D17: 0 | E17: 0 | F17: 0 | G17: 1 | H17: 0 | I17: 0 | J17: 0 | K17: 1 | L17: 0 | M17: 0 | N17: 0 | O17: 0 | P17: 1 | Q17: 1 | R17: 0 | S17: 0 | T17: 0 | U17: 0 | V17: 0 | W17: 0 | X17: 0 | Y17: 0 | Z17: 0 | AA17: 0 | AB17: 0 | AC17: 0 | AD17: 0 | AE17: 0 | AF17: 0 | AG17: 0 | AH17: 0 | AI17: 0 | AJ17: 0 | AK17: 0 | AL17: 0 | AM17: 0 | AN17: 0 | AO17: 0 | AP17: 0 | AQ17: 0 | AR17: 0 | AS17: 0 | AT17: 0 | AU17: 0 | AV17: 0 | AW17: 0 | AX17: 0 | AY17: 0 | AZ17: 0 | BA17: 0 | BB17: 0 | BC17: 0
A18: C2 | B18: 0 | C18: 0 | D18: 1 | E18: 0 | F18: 0 | G18: 1 | H18: 0 | I18: 0 | J18: 1 | K18: 1 | L18: 1 | M18: 1 | N18: 1 | O18: 1 | P18: 1 | Q18: 1 | R18: 0 | S18: 0 | T18: 0 | U18: 0 | V18: 0 | W18: 0 | X18: 0 | Y18: 0 | Z18: 0 | AA18: 0 | AB18: 0 | AC18: 0 | AD18: 0 | AE18: 0 | AF18: 0 | AG18: 0 | AH18: 0 | AI18: 0 | AJ18: 0 | AK18: 0 | AL18: 0 | AM18: 0 | AN18: 0 | AO18: 0 | AP18: 0 | AQ18: 0 | AR18: 0 | AS18: 0 | AT18: 0 | AU18: 0 | AV18: 0 | AW18: 0 | AX18: 0 | AY18: 0 | AZ18: 0 | BA18: 0 | BB18: 0 | BC18: 0
A19: C3 | B19: 0 | C19: 0 | D19: 1 | E19: 0 | F19: 0 | G19: 1 | H19: 0 | I19: 0 | J19: 1 | K19: 1 | L19: 1 | M19: 1 | N19: 1 | O19: 1 | P19: 1 | Q19: 1 | R19: 0 | S19: 0 | T19: 0 | U19: 0 | V19: 0 | W19: 0 | X19: 0 | Y19: 0 | Z19: 0 | AA19: 0 | AB19: 0 | AC19: 0 | AD19: 0 | AE19: 0 | AF19: 0 | AG19: 0 | AH19: 0 | AI19: 0 | AJ19: 0 | AK19: 0 | AL19: 0 | AM19: 0 | AN19: 0 | AO19: 0 | AP19: 0 | AQ19: 0 | AR19: 0 | AS19: 0 | AT19: 0 | AU19: 0 | AV19: 0 | AW19: 0 | AX19: 0 | AY19: 0 | AZ19: 0 | BA19: 0 | BB19: 0 | BC19: 0
A20: C4 | B20: 0 | C20: 0 | D20: 0 | E20: 0 | F20: 0 | G20: 1 | H20: 0 | I20: 0 | J20: 0 | K20: 1 | L20: 0 | M20: 0 | N20: 0 | O20: 0 | P20: 1 | Q20: 1 | R20: 0 | S20: 0 | T20: 0 | U20: 0 | V20: 0 | W20: 0 | X20: 0 | Y20: 0 | Z20: 0 | AA20: 0 | AB20: 0 | AC20: 0 | AD20: 0 | AE20: 0 | AF20: 0 | AG20: 0 | AH20: 0 | AI20: 0 | AJ20: 0 | AK20: 0 | AL20: 0 | AM20: 0 | AN20: 0 | AO20: 0 | AP20: 0 | AQ20: 0 | AR20: 0 | AS20: 0 | AT20: 0 | AU20: 0 | AV20: 0 | AW20: 0 | AX20: 0 | AY20: 0 | AZ20: 0 | BA20: 0 | BB20: 0 | BC20: 0
A21: C5 | B21: 0 | C21: 0 | D21: 1 | E21: 0 | F21: 0 | G21: 1 | H21: 0 | I21: 0 | J21: 1 | K21: 1 | L21: 1 | M21: 1 | N21: 0 | O21: 0 | P21: 1 | Q21: 1 | R21: 0 | S21: 0 | T21: 0 | U21: 0 | V21: 0 | W21: 0 | X21: 0 | Y21: 0 | Z21: 0 | AA21: 0 | AB21: 0 | AC21: 0 | AD21: 0 | AE21: 0 | AF21: 0 | AG21: 0 | AH21: 0 | AI21: 0 | AJ21: 0 | AK21: 0 | AL21: 0 | AM21: 0 | AN21: 0 | AO21: 0 | AP21: 0 | AQ21: 0 | AR21: 0 | AS21: 0 | AT21: 0 | AU21: 0 | AV21: 0 | AW21: 0 | AX21: 0 | AY21: 0 | AZ21: 0 | BA21: 0 | BB21: 0 | BC21: 0
A22: C6 | B22: 0 | C22: 0 | D22: 1 | E22: 0 | F22: 1 | G22: 1 | H22: 0 | I22: 0 | J22: 1 | K22: 1 | L22: 1 | M22: 1 | N22: 0 | O22: 0 | P22: 0 | Q22: 0 | R22: 0 | S22: 0 | T22: 0 | U22: 0 | V22: 0 | W22: 0 | X22: 0 | Y22: 0 | Z22: 0 | AA22: 0 | AB22: 0 | AC22: 0 | AD22: 0 | AE22: 0 | AF22: 0 | AG22: 0 | AH22: 0 | AI22: 0 | AJ22: 0 | AK22: 0 | AL22: 0 | AM22: 0 | AN22: 0 | AO22: 0 | AP22: 0 | AQ22: 0 | AR22: 0 | AS22: 0 | AT22: 0 | AU22: 0 | AV22: 0 | AW22: 0 | AX22: 0 | AY22: 0 | AZ22: 0 | BA22: 0 | BB22: 0 | BC22: 0
A23: C7 | B23: 0 | C23: 0 | D23: 0 | E23: 0 | F23: 0 | G23: 0 | H23: 0 | I23: 0 | J23: 0 | K23: 1 | L23: 0 | M23: 0 | N23: 0 | O23: 0 | P23: 1 | Q23: 1 | R23: 0 | S23: 1 | T23: 0 | U23: 1 | V23: 0 | W23: 1 | X23: 1 | Y23: 1 | Z23: 0 | AA23: 1 | AB23: 1 | AC23: 0 | AD23: 0 | AE23: 0 | AF23: 0 | AG23: 0 | AH23: 0 | AI23: 0 | AJ23: 0 | AK23: 0 | AL23: 0 | AM23: 0 | AN23: 0 | AO23: 0 | AP23: 0 | AQ23: 0 | AR23: 0 | AS23: 0 | AT23: 0 | AU23: 0 | AV23: 0 | AW23: 0 | AX23: 0 | AY23: 0 | AZ23: 0 | BA23: 0 | BB23: 0 | BC23: 0
A24: C8 | B24: 0 | C24: 0 | D24: 0 | E24: 0 | F24: 0 | G24: 0 | H24: 0 | I24: 0 | J24: 0 | K24: 1 | L24: 0 | M24: 0 | N24: 0 | O24: 0 | P24: 1 | Q24: 1 | R24: 0 | S24: 1 | T24: 0 | U24: 1 | V24: 0 | W24: 1 | X24: 1 | Y24: 1 | Z24: 0 | AA24: 1 | AB24: 1 | AC24: 0 | AD24: 0 | AE24: 0 | AF24: 0 | AG24: 0 | AH24: 0 | AI24: 0 | AJ24: 0 | AK24: 0 | AL24: 0 | AM24: 0 | AN24: 0 | AO24: 0 | AP24: 0 | AQ24: 0 | AR24: 0 | AS24: 0 | AT24: 0 | AU24: 0 | AV24: 0 | AW24: 0 | AX24: 0 | AY24: 0 | AZ24: 0 | BA24: 0 | BB24: 0 | BC24: 0
A25: C9 | B25: 0 | C25: 0 | D25: 0 | E25: 0 | F25: 0 | G25: 0 | H25: 0 | I25: 0 | J25: 0 | K25: 1 | L25: 0 | M25: 0 | N25: 0 | O25: 0 | P25: 1 | Q25: 1 | R25: 0 | S25: 1 | T25: 0 | U25: 1 | V25: 1 | W25: 0 | X25: 1 | Y25: 1 | Z25: 0 | AA25: 1 | AB25: 1 | AC25: 0 | AD25: 0 | AE25: 0 | AF25: 0 | AG25: 0 | AH25: 0 | AI25: 0 | AJ25: 0 | AK25: 0 | AL25: 0 | AM25: 0 | AN25: 0 | AO25: 0 | AP25: 0 | AQ25: 0 | AR25: 0 | AS25: 0 | AT25: 0 | AU25: 0 | AV25: 0 | AW25: 0 | AX25: 0 | AY25: 0 | AZ25: 0 | BA25: 0 | BB25: 0 | BC25: 0
A26: C10 | B26: 0 | C26: 0 | D26: 0 | E26: 0 | F26: 0 | G26: 0 | H26: 0 | I26: 0 | J26: 0 | K26: 1 | L26: 0 | M26: 0 | N26: 0 | O26: 0 | P26: 1 | Q26: 1 | R26: 0 | S26: 0 | T26: 1 | U26: 0 | V26: 0 | W26: 0 | X26: 0 | Y26: 0 | Z26: 0 | AA26: 0 | AB26: 0 | AC26: 0 | AD26: 0 | AE26: 0 | AF26: 0 | AG26: 0 | AH26: 0 | AI26: 0 | AJ26: 0 | AK26: 0 | AL26: 0 | AM26: 0 | AN26: 0 | AO26: 0 | AP26: 0 | AQ26: 0 | AR26: 0 | AS26: 0 | AT26: 0 | AU26: 0 | AV26: 0 | AW26: 0 | AX26: 0 | AY26: 0 | AZ26: 0 | BA26: 0 | BB26: 0 | BC26: 0
A27: C11 | B27: 0 | C27: 0 | D27: 0 | E27: 0 | F27: 0 | G27: 0 | H27: 0 | I27: 0 | J27: 0 | K27: 0 | L27: 0 | M27: 0 | N27: 0 | O27: 0 | P27: 0 | Q27: 0 | R27: 0 | S27: 0 | T27: 0 | U27: 0 | V27: 0 | W27: 0 | X27: 0 | Y27: 0 | Z27: 0 | AA27: 0 | AB27: 0 | AC27: 0 | AD27: 0 | AE27: 0 | AF27: 0 | AG27: 0 | AH27: 0 | AI27: 0 | AJ27: 0 | AK27: 0 | AL27: 0 | AM27: 0 | AN27: 0 | AO27: 0 | AP27: 0 | AQ27: 0 | AR27: 0 | AS27: 0 | AT27: 0 | AU27: 0 | AV27: 0 | AW27: 0 | AX27: 0 | AY27: 0 | AZ27: 0 | BA27: 0 | BB27: 0 | BC27: 0
A28: C12 | B28: 0 | C28: 0 | D28: 0 | E28: 0 | F28: 0 | G28: 0 | H28: 0 | I28: 0 | J28: 0 | K28: 0 | L28: 0 | M28: 0 | N28: 0 | O28: 0 | P28: 0 | Q28: 0 | R28: 0 | S28: 0 | T28: 0 | U28: 0 | V28: 0 | W28: 0 | X28: 0 | Y28: 0 | Z28: 0 | AA28: 0 | AB28: 0 | AC28: 0 | AD28: 0 | AE28: 0 | AF28: 0 | AG28: 0 | AH28: 0 | AI28: 0 | AJ28: 0 | AK28: 0 | AL28: 0 | AM28: 0 | AN28: 0 | AO28: 0 | AP28: 0 | AQ28: 0 | AR28: 0 | AS28: 0 | AT28: 0 | AU28: 0 | AV28: 0 | AW28: 0 | AX28: 0 | AY28: 0 | AZ28: 0 | BA28: 0 | BB28: 0 | BC28: 0
A31: SEDE 3 | B31: O1 | C31: O2 | D31: O3 | E31: O4 | F31: O5 | G31: O6 | H31: O7 | I31: O8 | J31: O9 | K31: O10 | L31: O11 | M31: O12 | N31: O13 | O31: O14 | P31: O15 | Q31: O16 | R31: O17 | S31: OP1 | T31: OP2 | U31: OP3 | V31: OP4 | W31: OP5 | X31: OP6 | Y31: OP 7 | Z31: OP8 | AA31: OP9 | AB31: OP10 | AC31: E1 | AD31: E2 | AE31: E3 | AF31: E4 | AG31: E5 | AH31: E6 | AI31: E7 | AJ31: E8 | AK31: E9 | AL31: E10 | AM31: E11 | AN31: C1 | AO31: C2 | AP31: C3 | AQ31: C4 | AR31: C5 | AS31: C6 | AT31: C7 | AU31: C8 | AV31: C9 | AW31: L1 | AX31: L2 | AY31: S1 | AZ31: S2 | BA31: E1 | BB31: E2 | BC31: E3
A32: C1 | B32: 0 | C32: 0 | D32: 0 | E32: 0 | F32: 0 | G32: 1 | H32: 0 | I32: 0 | J32: 1 | K32: 1 | L32: 1 | M32: 0 | N32: 0 | O32: 0 | P32: 0 | Q32: 0 | R32: 1 | S32: 0 | T32: 0 | U32: 0 | V32: 0 | W32: 0 | X32: 0 | Y32: 0 | Z32: 0 | AA32: 0 | AB32: 0 | AC32: 0 | AD32: 0 | AE32: 0 | AF32: 0 | AG32: 0 | AH32: 0 | AI32: 0 | AJ32: 0 | AK32: 0 | AL32: 0 | AM32: 0 | AN32: 0 | AO32: 0 | AP32: 0 | AQ32: 0 | AR32: 0 | AS32: 0 | AT32: 0 | AU32: 0 | AV32: 0 | AW32: 0 | AX32: 0 | AY32: 0 | AZ32: 0 | BA32: 0 | BB32: 0 | BC32: 0
A33: C2 | B33: 0 | C33: 0 | D33: 0 | E33: 0 | F33: 0 | G33: 1 | H33: 0 | I33: 0 | J33: 0 | K33: 1 | L33: 0 | M33: 0 | N33: 0 | O33: 0 | P33: 0 | Q33: 0 | R33: 0 | S33: 0 | T33: 0 | U33: 0 | V33: 0 | W33: 0 | X33: 0 | Y33: 0 | Z33: 0 | AA33: 0 | AB33: 0 | AC33: 0 | AD33: 0 | AE33: 0 | AF33: 0 | AG33: 0 | AH33: 0 | AI33: 0 | AJ33: 0 | AK33: 0 | AL33: 0 | AM33: 0 | AN33: 0 | AO33: 0 | AP33: 0 | AQ33: 0 | AR33: 0 | AS33: 0 | AT33: 0 | AU33: 0 | AV33: 0 | AW33: 0 | AX33: 0 | AY33: 0 | AZ33: 0 | BA33: 0 | BB33: 0 | BC33: 0
A34: C3 | B34: 0 | C34: 0 | D34: 0 | E34: 0 | F34: 0 | G34: 1 | H34: 0 | I34: 0 | J34: 0 | K34: 1 | L34: 0 | M34: 0 | N34: 0 | O34: 0 | P34: 0 | Q34: 0 | R34: 0 | S34: 0 | T34: 0 | U34: 1 | V34: 0 | W34: 0 | X34: 0 | Y34: 0 | Z34: 1 | AA34: 0 | AB34: 0 | AC34: 0 | AD34: 0 | AE34: 0 | AF34: 0 | AG34: 0 | AH34: 0 | AI34: 0 | AJ34: 0 | AK34: 0 | AL34: 0 | AM34: 0 | AN34: 0 | AO34: 0 | AP34: 0 | AQ34: 0 | AR34: 0 | AS34: 0 | AT34: 0 | AU34: 0 | AV34: 0 | AW34: 0 | AX34: 0 | AY34: 0 | AZ34: 0 | BA34: 0 | BB34: 0 | BC34: 0
A35: C4 | B35: 0 | C35: 0 | D35: 0 | E35: 0 | F35: 0 | G35: 1 | H35: 0 | I35: 0 | J35: 1 | K35: 1 | L35: 1 | M35: 0 | N35: 0 | O35: 0 | P35: 0 | Q35: 0 | R35: 1 | S35: 0 | T35: 0 | U35: 0 | V35: 0 | W35: 0 | X35: 0 | Y35: 0 | Z35: 0 | AA35: 0 | AB35: 0 | AC35: 0 | AD35: 0 | AE35: 0 | AF35: 0 | AG35: 0 | AH35: 0 | AI35: 0 | AJ35: 0 | AK35: 0 | AL35: 0 | AM35: 0 | AN35: 0 | AO35: 0 | AP35: 0 | AQ35: 0 | AR35: 0 | AS35: 0 | AT35: 0 | AU35: 0 | AV35: 0 | AW35: 0 | AX35: 0 | AY35: 0 | AZ35: 0 | BA35: 0 | BB35: 0 | BC35: 0
A36: C5 | B36: 0 | C36: 0 | D36: 0 | E36: 0 | F36: 0 | G36: 0 | H36: 0 | I36: 0 | J36: 0 | K36: 0 | L36: 0 | M36: 0 | N36: 0 | O36: 0 | P36: 0 | Q36: 0 | R36: 0 | S36: 0 | T36: 0 | U36: 0 | V36: 0 | W36: 0 | X36: 0 | Y36: 0 | Z36: 0 | AA36: 0 | AB36: 0 | AC36: 0 | AD36: 0 | AE36: 0 | AF36: 0 | AG36: 0 | AH36: 0 | AI36: 0 | AJ36: 0 | AK36: 0 | AL36: 0 | AM36: 0 | AN36: 0 | AO36: 0 | AP36: 0 | AQ36: 0 | AR36: 0 | AS36: 0 | AT36: 0 | AU36: 0 | AV36: 0 | AW36: 0 | AX36: 0 | AY36: 0 | AZ36: 0 | BA36: 0 | BB36: 0 | BC36: 0
A37: C6 | B37: 0 | C37: 0 | D37: 0 | E37: 0 | F37: 0 | G37: 0 | H37: 0 | I37: 0 | J37: 0 | K37: 0 | L37: 0 | M37: 0 | N37: 0 | O37: 0 | P37: 0 | Q37: 0 | R37: 0 | S37: 0 | T37: 0 | U37: 0 | V37: 0 | W37: 0 | X37: 0 | Y37: 0 | Z37: 0 | AA37: 0 | AB37: 0 | AC37: 0 | AD37: 0 | AE37: 0 | AF37: 0 | AG37: 0 | AH37: 0 | AI37: 0 | AJ37: 0 | AK37: 0 | AL37: 0 | AM37: 0 | AN37: 0 | AO37: 0 | AP37: 0 | AQ37: 0 | AR37: 0 | AS37: 0 | AT37: 0 | AU37: 0 | AV37: 0 | AW37: 0 | AX37: 0 | AY37: 0 | AZ37: 0 | BA37: 0 | BB37: 0 | BC37: 0
A38: C7 | B38: 0 | C38: 0 | D38: 0 | E38: 0 | F38: 0 | G38: 0 | H38: 0 | I38: 0 | J38: 0 | K38: 0 | L38: 0 | M38: 0 | N38: 0 | O38: 0 | P38: 0 | Q38: 0 | R38: 0 | S38: 0 | T38: 0 | U38: 0 | V38: 0 | W38: 0 | X38: 0 | Y38: 0 | Z38: 0 | AA38: 0 | AB38: 0 | AC38: 0 | AD38: 0 | AE38: 0 | AF38: 0 | AG38: 0 | AH38: 0 | AI38: 0 | AJ38: 0 | AK38: 0 | AL38: 0 | AM38: 0 | AN38: 0 | AO38: 0 | AP38: 0 | AQ38: 0 | AR38: 0 | AS38: 0 | AT38: 0 | AU38: 0 | AV38: 0 | AW38: 0 | AX38: 0 | AY38: 0 | AZ38: 0 | BA38: 0 | BB38: 0 | BC38: 0
A39: C8 | B39: 0 | C39: 0 | D39: 0 | E39: 0 | F39: 0 | G39: 0 | H39: 0 | I39: 0 | J39: 0 | K39: 0 | L39: 0 | M39: 0 | N39: 0 | O39: 0 | P39: 0 | Q39: 0 | R39: 0 | S39: 0 | T39: 0 | U39: 0 | V39: 0 | W39: 0 | X39: 0 | Y39: 0 | Z39: 0 | AA39: 0 | AB39: 0 | AC39: 0 | AD39: 0 | AE39: 0 | AF39: 0 | AG39: 0 | AH39: 0 | AI39: 0 | AJ39: 0 | AK39: 0 | AL39: 0 | AM39: 0 | AN39: 0 | AO39: 0 | AP39: 0 | AQ39: 0 | AR39: 0 | AS39: 0 | AT39: 0 | AU39: 0 | AV39: 0 | AW39: 0 | AX39: 0 | AY39: 0 | AZ39: 0 | BA39: 0 | BB39: 0 | BC39: 0
A40: C9 | B40: 0 | C40: 0 | D40: 0 | E40: 0 | F40: 0 | G40: 0 | H40: 0 | I40: 0 | J40: 0 | K40: 0 | L40: 0 | M40: 0 | N40: 0 | O40: 0 | P40: 0 | Q40: 0 | R40: 0 | S40: 0 | T40: 0 | U40: 0 | V40: 0 | W40: 0 | X40: 0 | Y40: 0 | Z40: 0 | AA40: 0 | AB40: 0 | AC40: 0 | AD40: 0 | AE40: 0 | AF40: 0 | AG40: 0 | AH40: 0 | AI40: 0 | AJ40: 0 | AK40: 0 | AL40: 0 | AM40: 0 | AN40: 0 | AO40: 0 | AP40: 0 | AQ40: 0 | AR40: 0 | AS40: 0 | AT40: 0 | AU40: 0 | AV40: 0 | AW40: 0 | AX40: 0 | AY40: 0 | AZ40: 0 | BA40: 0 | BB40: 0 | BC40: 0
A41: C10 | B41: 0 | C41: 0 | D41: 0 | E41: 0 | F41: 0 | G41: 0 | H41: 0 | I41: 0 | J41: 0 | K41: 0 | L41: 0 | M41: 0 | N41: 0 | O41: 0 | P41: 0 | Q41: 0 | R41: 0 | S41: 0 | T41: 0 | U41: 0 | V41: 0 | W41: 0 | X41: 0 | Y41: 0 | Z41: 0 | AA41: 0 | AB41: 0 | AC41: 0 | AD41: 0 | AE41: 0 | AF41: 0 | AG41: 0 | AH41: 0 | AI41: 0 | AJ41: 0 | AK41: 0 | AL41: 0 | AM41: 0 | AN41: 0 | AO41: 0 | AP41: 0 | AQ41: 0 | AR41: 0 | AS41: 0 | AT41: 0 | AU41: 0 | AV41: 0 | AW41: 0 | AX41: 0 | AY41: 0 | AZ41: 0 | BA41: 0 | BB41: 0 | BC41: 0
A42: C11 | B42: 0 | C42: 0 | D42: 0 | E42: 0 | F42: 0 | G42: 0 | H42: 0 | I42: 0 | J42: 0 | K42: 0 | L42: 0 | M42: 0 | N42: 0 | O42: 0 | P42: 0 | Q42: 0 | R42: 0 | S42: 0 | T42: 0 | U42: 0 | V42: 0 | W42: 0 | X42: 0 | Y42: 0 | Z42: 0 | AA42: 0 | AB42: 0 | AC42: 0 | AD42: 0 | AE42: 0 | AF42: 0 | AG42: 0 | AH42: 0 | AI42: 0 | AJ42: 0 | AK42: 0 | AL42: 0 | AM42: 0 | AN42: 0 | AO42: 0 | AP42: 0 | AQ42: 0 | AR42: 0 | AS42: 0 | AT42: 0 | AU42: 0 | AV42: 0 | AW42: 0 | AX42: 0 | AY42: 0 | AZ42: 0 | BA42: 0 | BB42: 0 | BC42: 0
A43: C12 | B43: 0 | C43: 0 | D43: 0 | E43: 0 | F43: 0 | G43: 0 | H43: 0 | I43: 0 | J43: 0 | K43: 0 | L43: 0 | M43: 0 | N43: 0 | O43: 0 | P43: 0 | Q43: 0 | R43: 0 | S43: 0 | T43: 0 | U43: 0 | V43: 0 | W43: 0 | X43: 0 | Y43: 0 | Z43: 0 | AA43: 0 | AB43: 0 | AC43: 0 | AD43: 0 | AE43: 0 | AF43: 0 | AG43: 0 | AH43: 0 | AI43: 0 | AJ43: 0 | AK43: 0 | AL43: 0 | AM43: 0 | AN43: 0 | AO43: 0 | AP43: 0 | AQ43: 0 | AR43: 0 | AS43: 0 | AT43: 0 | AU43: 0 | AV43: 0 | AW43: 0 | AX43: 0 | AY43: 0 | AZ43: 0 | BA43: 0 | BB43: 0 | BC43: 0
A46: SEDE 4 | B46: O1 | C46: O2 | D46: O3 | E46: O4 | F46: O5 | G46: O6 | H46: O7 | I46: O8 | J46: O9 | K46: O10 | L46: O11 | M46: O12 | N46: O13 | O46: O14 | P46: O15 | Q46: O16 | R46: O17 | S46: OP1 | T46: OP2 | U46: OP3 | V46: OP4 | W46: OP5 | X46: OP6 | Y46: OP 7 | Z46: OP8 | AA46: OP9 | AB46: OP10 | AC46: E1 | AD46: E2 | AE46: E3 | AF46: E4 | AG46: E5 | AH46: E6 | AI46: E7 | AJ46: E8 | AK46: E9 | AL46: E10 | AM46: E11 | AN46: C1 | AO46: C2 | AP46: C3 | AQ46: C4 | AR46: C5 | AS46: C6 | AT46: C7 | AU46: C8 | AV46: C9 | AW46: L1 | AX46: L2 | AY46: S1 | AZ46: S2 | BA46: E1 | BB46: E2 | BC46: E3
A47: C1 | B47: 0 | C47: 0 | D47: 1 | E47: 1 | F47: 1 | G47: 1 | H47: 1 | I47: 1 | J47: 1 | K47: 1 | L47: 1 | M47: 0 | N47: 0 | O47: 0 | P47: 1 | Q47: 0 | R47: 0 | S47: 0 | T47: 0 | U47: 0 | V47: 0 | W47: 0 | X47: 0 | Y47: 0 | Z47: 0 | AA47: 0 | AB47: 0 | AC47: 0 | AD47: 0 | AE47: 0 | AF47: 0 | AG47: 0 | AH47: 0 | AI47: 0 | AJ47: 0 | AK47: 0 | AL47: 0 | AM47: 0 | AN47: 0 | AO47: 0 | AP47: 0 | AQ47: 0 | AR47: 0 | AS47: 0 | AT47: 0 | AU47: 0 | AV47: 0 | AW47: 0 | AX47: 0 | AY47: 0 | AZ47: 0 | BA47: 0 | BB47: 0 | BC47: 0
A48: C2 | B48: 0 | C48: 0 | D48: 0 | E48: 0 | F48: 0 | G48: 1 | H48: 0 | I48: 0 | J48: 0 | K48: 1 | L48: 0 | M48: 0 | N48: 0 | O48: 0 | P48: 0 | Q48: 0 | R48: 0 | S48: 0 | T48: 0 | U48: 1 | V48: 0 | W48: 0 | X48: 0 | Y48: 0 | Z48: 0 | AA48: 1 | AB48: 0 | AC48: 0 | AD48: 0 | AE48: 0 | AF48: 0 | AG48: 0 | AH48: 0 | AI48: 0 | AJ48: 0 | AK48: 0 | AL48: 0 | AM48: 0 | AN48: 0 | AO48: 0 | AP48: 0 | AQ48: 0 | AR48: 0 | AS48: 0 | AT48: 0 | AU48: 0 | AV48: 0 | AW48: 0 | AX48: 0 | AY48: 0 | AZ48: 0 | BA48: 0 | BB48: 0 | BC48: 0
A49: C3 | B49: 0 | C49: 0 | D49: 0 | E49: 0 | F49: 0 | G49: 0 | H49: 0 | I49: 0 | J49: 0 | K49: 0 | L49: 0 | M49: 0 | N49: 0 | O49: 0 | P49: 0 | Q49: 0 | R49: 0 | S49: 0 | T49: 0 | U49: 0 | V49: 0 | W49: 0 | X49: 0 | Y49: 0 | Z49: 0 | AA49: 0 | AB49: 0 | AC49: 0 | AD49: 0 | AE49: 0 | AF49: 0 | AG49: 0 | AH49: 0 | AI49: 0 | AJ49: 0 | AK49: 0 | AL49: 1 | AM49: 1 | AN49: 0 | AO49: 0 | AP49: 0 | AQ49: 0 | AR49: 0 | AS49: 0 | AT49: 0 | AU49: 0 | AV49: 0 | AW49: 0 | AX49: 1 | AY49: 0 | AZ49: 0 | BA49: 0 | BB49: 0 | BC49: 0
A50: C4 | B50: 0 | C50: 0 | D50: 0 | E50: 0 | F50: 0 | G50: 0 | H50: 0 | I50: 0 | J50: 0 | K50: 0 | L50: 0 | M50: 0 | N50: 0 | O50: 0 | P50: 0 | Q50: 0 | R50: 0 | S50: 0 | T50: 0 | U50: 0 | V50: 0 | W50: 0 | X50: 0 | Y50: 0 | Z50: 0 | AA50: 0 | AB50: 0 | AC50: 0 | AD50: 0 | AE50: 0 | AF50: 0 | AG50: 0 | AH50: 0 | AI50: 0 | AJ50: 0 | AK50: 0 | AL50: 0 | AM50: 0 | AN50: 0 | AO50: 0 | AP50: 0 | AQ50: 0 | AR50: 0 | AS50: 0 | AT50: 0 | AU50: 0 | AV50: 0 | AW50: 0 | AX50: 0 | AY50: 0 | AZ50: 0 | BA50: 0 | BB50: 0 | BC50: 0
A51: C5 | B51: 0 | C51: 0 | D51: 0 | E51: 0 | F51: 0 | G51: 0 | H51: 0 | I51: 0 | J51: 0 | K51: 0 | L51: 0 | M51: 0 | N51: 0 | O51: 0 | P51: 0 | Q51: 0 | R51: 0 | S51: 0 | T51: 0 | U51: 0 | V51: 0 | W51: 0 | X51: 0 | Y51: 0 | Z51: 0 | AA51: 0 | AB51: 0 | AC51: 0 | AD51: 0 | AE51: 0 | AF51: 0 | AG51: 0 | AH51: 0 | AI51: 0 | AJ51: 0 | AK51: 0 | AL51: 0 | AM51: 0 | AN51: 0 | AO51: 0 | AP51: 0 | AQ51: 0 | AR51: 0 | AS51: 0 | AT51: 0 | AU51: 0 | AV51: 0 | AW51: 0 | AX51: 0 | AY51: 0 | AZ51: 0 | BA51: 0 | BB51: 0 | BC51: 0
A52: C6 | B52: 0 | C52: 0 | D52: 0 | E52: 0 | F52: 0 | G52: 0 | H52: 0 | I52: 0 | J52: 0 | K52: 0 | L52: 0 | M52: 0 | N52: 0 | O52: 0 | P52: 0 | Q52: 0 | R52: 0 | S52: 0 | T52: 0 | U52: 0 | V52: 0 | W52: 0 | X52: 0 | Y52: 0 | Z52: 0 | AA52: 0 | AB52: 0 | AC52: 0 | AD52: 0 | AE52: 0 | AF52: 0 | AG52: 0 | AH52: 0 | AI52: 0 | AJ52: 0 | AK52: 0 | AL52: 0 | AM52: 0 | AN52: 0 | AO52: 0 | AP52: 0 | AQ52: 0 | AR52: 0 | AS52: 0 | AT52: 0 | AU52: 0 | AV52: 0 | AW52: 0 | AX52: 0 | AY52: 0 | AZ52: 0 | BA52: 0 | BB52: 0 | BC52: 0
A53: C7 | B53: 0 | C53: 0 | D53: 0 | E53: 0 | F53: 0 | G53: 0 | H53: 0 | I53: 0 | J53: 0 | K53: 0 | L53: 0 | M53: 0 | N53: 0 | O53: 0 | P53: 0 | Q53: 0 | R53: 0 | S53: 0 | T53: 0 | U53: 0 | V53: 0 | W53: 0 | X53: 0 | Y53: 0 | Z53: 0 | AA53: 0 | AB53: 0 | AC53: 0 | AD53: 0 | AE53: 0 | AF53: 0 | AG53: 0 | AH53: 0 | AI53: 0 | AJ53: 0 | AK53: 0 | AL53: 0 | AM53: 0 | AN53: 0 | AO53: 0 | AP53: 0 | AQ53: 0 | AR53: 0 | AS53: 0 | AT53: 0 | AU53: 0 | AV53: 0 | AW53: 0 | AX53: 0 | AY53: 0 | AZ53: 0 | BA53: 0 | BB53: 0 | BC53: 0
A54: C8 | B54: 0 | C54: 0 | D54: 0 | E54: 0 | F54: 0 | G54: 0 | H54: 0 | I54: 0 | J54: 0 | K54: 0 | L54: 0 | M54: 0 | N54: 0 | O54: 0 | P54: 0 | Q54: 0 | R54: 0 | S54: 0 | T54: 0 | U54: 0 | V54: 0 | W54: 0 | X54: 0 | Y54: 0 | Z54: 0 | AA54: 0 | AB54: 0 | AC54: 0 | AD54: 0 | AE54: 0 | AF54: 0 | AG54: 0 | AH54: 0 | AI54: 0 | AJ54: 0 | AK54: 0 | AL54: 0 | AM54: 0 | AN54: 0 | AO54: 0 | AP54: 0 | AQ54: 0 | AR54: 0 | AS54: 0 | AT54: 0 | AU54: 0 | AV54: 0 | AW54: 0 | AX54: 0 | AY54: 0 | AZ54: 0 | BA54: 0 | BB54: 0 | BC54: 0
A55: C9 | B55: 0 | C55: 0 | D55: 0 | E55: 0 | F55: 0 | G55: 0 | H55: 0 | I55: 0 | J55: 0 | K55: 0 | L55: 0 | M55: 0 | N55: 0 | O55: 0 | P55: 0 | Q55: 0 | R55: 0 | S55: 0 | T55: 0 | U55: 0 | V55: 0 | W55: 0 | X55: 0 | Y55: 0 | Z55: 0 | AA55: 0 | AB55: 0 | AC55: 0 | AD55: 0 | AE55: 0 | AF55: 0 | AG55: 0 | AH55: 0 | AI55: 0 | AJ55: 0 | AK55: 0 | AL55: 0 | AM55: 0 | AN55: 0 | AO55: 0 | AP55: 0 | AQ55: 0 | AR55: 0 | AS55: 0 | AT55: 0 | AU55: 0 | AV55: 0 | AW55: 0 | AX55: 0 | AY55: 0 | AZ55: 0 | BA55: 0 | BB55: 0 | BC55: 0
A56: C10 | B56: 0 | C56: 0 | D56: 0 | E56: 0 | F56: 0 | G56: 0 | H56: 0 | I56: 0 | J56: 0 | K56: 0 | L56: 0 | M56: 0 | N56: 0 | O56: 0 | P56: 0 | Q56: 0 | R56: 0 | S56: 0 | T56: 0 | U56: 0 | V56: 0 | W56: 0 | X56: 0 | Y56: 0 | Z56: 0 | AA56: 0 | AB56: 0 | AC56: 0 | AD56: 0 | AE56: 0 | AF56: 0 | AG56: 0 | AH56: 0 | AI56: 0 | AJ56: 0 | AK56: 0 | AL56: 0 | AM56: 0 | AN56: 0 | AO56: 0 | AP56: 0 | AQ56: 0 | AR56: 0 | AS56: 0 | AT56: 0 | AU56: 0 | AV56: 0 | AW56: 0 | AX56: 0 | AY56: 0 | AZ56: 0 | BA56: 0 | BB56: 0 | BC56: 0
A57: C11 | B57: 0 | C57: 0 | D57: 0 | E57: 0 | F57: 0 | G57: 0 | H57: 0 | I57: 0 | J57: 0 | K57: 0 | L57: 0 | M57: 0 | N57: 0 | O57: 0 | P57: 0 | Q57: 0 | R57: 0 | S57: 0 | T57: 0 | U57: 0 | V57: 0 | W57: 0 | X57: 0 | Y57: 0 | Z57: 0 | AA57: 0 | AB57: 0 | AC57: 0 | AD57: 0 | AE57: 0 | AF57: 0 | AG57: 0 | AH57: 0 | AI57: 0 | AJ57: 0 | AK57: 0 | AL57: 0 | AM57: 0 | AN57: 0 | AO57: 0 | AP57: 0 | AQ57: 0 | AR57: 0 | AS57: 0 | AT57: 0 | AU57: 0 | AV57: 0 | AW57: 0 | AX57: 0 | AY57: 0 | AZ57: 0 | BA57: 0 | BB57: 0 | BC57: 0
A58: C12 | B58: 0 | C58: 0 | D58: 0 | E58: 0 | F58: 0 | G58: 0 | H58: 0 | I58: 0 | J58: 0 | K58: 0 | L58: 0 | M58: 0 | N58: 0 | O58: 0 | P58: 0 | Q58: 0 | R58: 0 | S58: 0 | T58: 0 | U58: 0 | V58: 0 | W58: 0 | X58: 0 | Y58: 0 | Z58: 0 | AA58: 0 | AB58: 0 | AC58: 0 | AD58: 0 | AE58: 0 | AF58: 0 | AG58: 0 | AH58: 0 | AI58: 0 | AJ58: 0 | AK58: 0 | AL58: 0 | AM58: 0 | AN58: 0 | AO58: 0 | AP58: 0 | AQ58: 0 | AR58: 0 | AS58: 0 | AT58: 0 | AU58: 0 | AV58: 0 | AW58: 0 | AX58: 0 | AY58: 0 | AZ58: 0 | BA58: 0 | BB58: 0 | BC58: 0
A61: SEDE 5 | B61: O1 | C61: O2 | D61: O3 | E61: O4 | F61: O5 | G61: O6 | H61: O7 | I61: O8 | J61: O9 | K61: O10 | L61: O11 | M61: O12 | N61: O13 | O61: O14 | P61: O15 | Q61: O16 | R61: O17 | S61: OP1 | T61: OP2 | U61: OP3 | V61: OP4 | W61: OP5 | X61: OP6 | Y61: OP 7 | Z61: OP8 | AA61: OP9 | AB61: OP10 | AC61: E1 | AD61: E2 | AE61: E3 | AF61: E4 | AG61: E5 | AH61: E6 | AI61: E7 | AJ61: E8 | AK61: E9 | AL61: E10 | AM61: E11 | AN61: C1 | AO61: C2 | AP61: C3 | AQ61: C4 | AR61: C5 | AS61: C6 | AT61: C7 | AU61: C8 | AV61: C9 | AW61: L1 | AX61: L2 | AY61: S1 | AZ61: S2 | BA61: E1 | BB61: E2 | BC61: E3
A62: C1 | B62: 0 | C62: 0 | D62: 0 | E62: 0 | F62: 0 | G62: 0 | H62: 0 | I62: 0 | J62: 0 | K62: 0 | L62: 0 | M62: 0 | N62: 0 | O62: 0 | P62: 0 | Q62: 0 | R62: 0 | S62: 0 | T62: 0 | U62: 0 | V62: 0 | W62: 0 | X62: 0 | Y62: 0 | Z62: 0 | AA62: 0 | AB62: 0 | AC62: 0 | AD62: 0 | AE62: 0 | AF62: 0 | AG62: 0 | AH62: 0 | AI62: 0 | AJ62: 0 | AK62: 0 | AL62: 0 | AM62: 0 | AN62: 0 | AO62: 0 | AP62: 0 | AQ62: 0 | AR62: 0 | AS62: 0 | AT62: 0 | AU62: 0 | AV62: 0 | AW62: 0 | AX62: 0 | AY62: 0 | AZ62: 0 | BA62: 0 | BB62: 1 | BC62: 1
A63: C2 | B63: 0 | C63: 0 | D63: 0 | E63: 0 | F63: 0 | G63: 0 | H63: 0 | I63: 0 | J63: 0 | K63: 0 | L63: 0 | M63: 0 | N63: 0 | O63: 0 | P63: 0 | Q63: 0 | R63: 0 | S63: 0 | T63: 0 | U63: 0 | V63: 0 | W63: 0 | X63: 0 | Y63: 0 | Z63: 0 | AA63: 0 | AB63: 0 | AC63: 0 | AD63: 0 | AE63: 0 | AF63: 0 | AG63: 0 | AH63: 0 | AI63: 0 | AJ63: 0 | AK63: 0 | AL63: 0 | AM63: 0 | AN63: 0 | AO63: 0 | AP63: 0 | AQ63: 0 | AR63: 0 | AS63: 0 | AT63: 0 | AU63: 0 | AV63: 0 | AW63: 0 | AX63: 0 | AY63: 0 | AZ63: 0 | BA63: 0 | BB63: 1 | BC63: 1
A64: C3 | B64: 0 | C64: 0 | D64: 0 | E64: 0 | F64: 0 | G64: 0 | H64: 0 | I64: 0 | J64: 0 | K64: 0 | L64: 0 | M64: 0 | N64: 0 | O64: 0 | P64: 0 | Q64: 0 | R64: 0 | S64: 0 | T64: 0 | U64: 0 | V64: 0 | W64: 0 | X64: 0 | Y64: 0 | Z64: 0 | AA64: 0 | AB64: 0 | AC64: 0 | AD64: 0 | AE64: 0 | AF64: 0 | AG64: 0 | AH64: 0 | AI64: 0 | AJ64: 0 | AK64: 0 | AL64: 0 | AM64: 0 | AN64: 0 | AO64: 0 | AP64: 0 | AQ64: 0 | AR64: 0 | AS64: 0 | AT64: 0 | AU64: 0 | AV64: 0 | AW64: 0 | AX64: 0 | AY64: 0 | AZ64: 0 | BA64: 1 | BB64: 0 | BC64: 0
A65: C4 | B65: 0 | C65: 0 | D65: 0 | E65: 0 | F65: 0 | G65: 0 | H65: 0 | I65: 0 | J65: 0 | K65: 0 | L65: 0 | M65: 0 | N65: 0 | O65: 0 | P65: 0 | Q65: 0 | R65: 0 | S65: 0 | T65: 0 | U65: 0 | V65: 0 | W65: 0 | X65: 0 | Y65: 0 | Z65: 0 | AA65: 0 | AB65: 0 | AC65: 0 | AD65: 0 | AE65: 0 | AF65: 0 | AG65: 0 | AH65: 0 | AI65: 0 | AJ65: 0 | AK65: 0 | AL65: 0 | AM65: 0 | AN65: 0 | AO65: 0 | AP65: 0 | AQ65: 0 | AR65: 0 | AS65: 0 | AT65: 0 | AU65: 0 | AV65: 0 | AW65: 0 | AX65: 0 | AY65: 0 | AZ65: 0 | BA65: 0 | BB65: 0 | BC65: 0
A66: C5 | B66: 0 | C66: 0 | D66: 0 | E66: 0 | F66: 0 | G66: 0 | H66: 0 | I66: 0 | J66: 0 | K66: 0 | L66: 0 | M66: 0 | N66: 0 | O66: 0 | P66: 0 | Q66: 0 | R66: 0 | S66: 0 | T66: 0 | U66: 0 | V66: 0 | W66: 0 | X66: 0 | Y66: 0 | Z66: 0 | AA66: 0 | AB66: 0 | AC66: 0 | AD66: 0 | AE66: 0 | AF66: 0 | AG66: 0 | AH66: 0 | AI66: 0 | AJ66: 0 | AK66: 0 | AL66: 0 | AM66: 0 | AN66: 0 | AO66: 0 | AP66: 0 | AQ66: 0 | AR66: 0 | AS66: 0 | AT66: 0 | AU66: 0 | AV66: 0 | AW66: 0 | AX66: 0 | AY66: 0 | AZ66: 0 | BA66: 0 | BB66: 0 | BC66: 0
A67: C6 | B67: 0 | C67: 0 | D67: 0 | E67: 0 | F67: 0 | G67: 0 | H67: 0 | I67: 0 | J67: 0 | K67: 0 | L67: 0 | M67: 0 | N67: 0 | O67: 0 | P67: 0 | Q67: 0 | R67: 0 | S67: 0 | T67: 0 | U67: 0 | V67: 0 | W67: 0 | X67: 0 | Y67: 0 | Z67: 0 | AA67: 0 | AB67: 0 | AC67: 0 | AD67: 0 | AE67: 0 | AF67: 0 | AG67: 0 | AH67: 0 | AI67: 0 | AJ67: 0 | AK67: 0 | AL67: 0 | AM67: 0 | AN67: 0 | AO67: 0 | AP67: 0 | AQ67: 0 | AR67: 0 | AS67: 0 | AT67: 0 | AU67: 0 | AV67: 0 | AW67: 0 | AX67: 0 | AY67: 0 | AZ67: 0 | BA67: 0 | BB67: 0 | BC67: 0
A68: C7 | B68: 0 | C68: 0 | D68: 0 | E68: 0 | F68: 0 | G68: 0 | H68: 0 | I68: 0 | J68: 0 | K68: 0 | L68: 0 | M68: 0 | N68: 0 | O68: 0 | P68: 0 | Q68: 0 | R68: 0 | S68: 0 | T68: 0 | U68: 0 | V68: 0 | W68: 0 | X68: 0 | Y68: 0 | Z68: 0 | AA68: 0 | AB68: 0 | AC68: 0 | AD68: 0 | AE68: 0 | AF68: 0 | AG68: 0 | AH68: 0 | AI68: 0 | AJ68: 0 | AK68: 0 | AL68: 0 | AM68: 0 | AN68: 0 | AO68: 0 | AP68: 0 | AQ68: 0 | AR68: 0 | AS68: 0 | AT68: 0 | AU68: 0 | AV68: 0 | AW68: 0 | AX68: 0 | AY68: 0 | AZ68: 0 | BA68: 0 | BB68: 0 | BC68: 0
A69: C8 | B69: 0 | C69: 0 | D69: 0 | E69: 0 | F69: 0 | G69: 0 | H69: 0 | I69: 0 | J69: 0 | K69: 0 | L69: 0 | M69: 0 | N69: 0 | O69: 0 | P69: 0 | Q69: 0 | R69: 0 | S69: 0 | T69: 0 | U69: 0 | V69: 0 | W69: 0 | X69: 0 | Y69: 0 | Z69: 0 | AA69: 0 | AB69: 0 | AC69: 0 | AD69: 0 | AE69: 0 | AF69: 0 | AG69: 0 | AH69: 0 | AI69: 0 | AJ69: 0 | AK69: 0 | AL69: 0 | AM69: 0 | AN69: 0 | AO69: 0 | AP69: 0 | AQ69: 0 | AR69: 0 | AS69: 0 | AT69: 0 | AU69: 0 | AV69: 0 | AW69: 0 | AX69: 0 | AY69: 0 | AZ69: 0 | BA69: 0 | BB69: 0 | BC69: 0
A70: C9 | B70: 0 | C70: 0 | D70: 0 | E70: 0 | F70: 0 | G70: 0 | H70: 0 | I70: 0 | J70: 0 | K70: 0 | L70: 0 | M70: 0 | N70: 0 | O70: 0 | P70: 0 | Q70: 0 | R70: 0 | S70: 0 | T70: 0 | U70: 0 | V70: 0 | W70: 0 | X70: 0 | Y70: 0 | Z70: 0 | AA70: 0 | AB70: 0 | AC70: 0 | AD70: 0 | AE70: 0 | AF70: 0 | AG70: 0 | AH70: 0 | AI70: 0 | AJ70: 0 | AK70: 0 | AL70: 0 | AM70: 0 | AN70: 0 | AO70: 0 | AP70: 0 | AQ70: 0 | AR70: 0 | AS70: 0 | AT70: 0 | AU70: 0 | AV70: 0 | AW70: 0 | AX70: 0 | AY70: 0 | AZ70: 0 | BA70: 0 | BB70: 0 | BC70: 0
A71: C10 | B71: 0 | C71: 0 | D71: 0 | E71: 0 | F71: 0 | G71: 0 | H71: 0 | I71: 0 | J71: 0 | K71: 0 | L71: 0 | M71: 0 | N71: 0 | O71: 0 | P71: 0 | Q71: 0 | R71: 0 | S71: 0 | T71: 0 | U71: 0 | V71: 0 | W71: 0 | X71: 0 | Y71: 0 | Z71: 0 | AA71: 0 | AB71: 0 | AC71: 0 | AD71: 0 | AE71: 0 | AF71: 0 | AG71: 0 | AH71: 0 | AI71: 0 | AJ71: 0 | AK71: 0 | AL71: 0 | AM71: 0 | AN71: 0 | AO71: 0 | AP71: 0 | AQ71: 0 | AR71: 0 | AS71: 0 | AT71: 0 | AU71: 0 | AV71: 0 | AW71: 0 | AX71: 0 | AY71: 0 | AZ71: 0 | BA71: 0 | BB71: 0 | BC71: 0
A72: C11 | B72: 0 | C72: 0 | D72: 0 | E72: 0 | F72: 0 | G72: 0 | H72: 0 | I72: 0 | J72: 0 | K72: 0 | L72: 0 | M72: 0 | N72: 0 | O72: 0 | P72: 0 | Q72: 0 | R72: 0 | S72: 0 | T72: 0 | U72: 0 | V72: 0 | W72: 0 | X72: 0 | Y72: 0 | Z72: 0 | AA72: 0 | AB72: 0 | AC72: 0 | AD72: 0 | AE72: 0 | AF72: 0 | AG72: 0 | AH72: 0 | AI72: 0 | AJ72: 0 | AK72: 0 | AL72: 0 | AM72: 0 | AN72: 0 | AO72: 0 | AP72: 0 | AQ72: 0 | AR72: 0 | AS72: 0 | AT72: 0 | AU72: 0 | AV72: 0 | AW72: 0 | AX72: 0 | AY72: 0 | AZ72: 0 | BA72: 0 | BB72: 0 | BC72: 0
A73: C12 | B73: 0 | C73: 0 | D73: 0 | E73: 0 | F73: 0 | G73: 0 | H73: 0 | I73: 0 | J73: 0 | K73: 0 | L73: 0 | M73: 0 | N73: 0 | O73: 0 | P73: 0 | Q73: 0 | R73: 0 | S73: 0 | T73: 0 | U73: 0 | V73: 0 | W73: 0 | X73: 0 | Y73: 0 | Z73: 0 | AA73: 0 | AB73: 0 | AC73: 0 | AD73: 0 | AE73: 0 | AF73: 0 | AG73: 0 | AH73: 0 | AI73: 0 | AJ73: 0 | AK73: 0 | AL73: 0 | AM73: 0 | AN73: 0 | AO73: 0 | AP73: 0 | AQ73: 0 | AR73: 0 | AS73: 0 | AT73: 0 | AU73: 0 | AV73: 0 | AW73: 0 | AX73: 0 | AY73: 0 | AZ73: 0 | BA73: 0 | BB73: 0 | BC73: 0

Sheet TD_tdj1
B1: 1 | C1: 2 | D1: 3 | E1: 4 | F1: 5 | G1: 6 | H1: 7 | I1: 8 | J1: 9 | K1: 10 | L1: 11 | M1: 12 | N1: 13 | O1: 14 | P1: 15 | Q1: 16 | R1: 17 | S1: 18 | T1: 19 | U1: 20 | V1: 21 | W1: 22 | X1: 23 | Y1: 24 | Z1: 25 | AA1: 26 | AB1: 27 | AC1: 28 | AD1: 29 | AE1: 30 | AF1: 31
A2: T1 | B2: =+IF(FORM!B2="AM Y PM",1,IF(FORM!B2="AM",1,0)) -> 0 | C2: =+IF(FORM!C2="AM Y PM",1,IF(FORM!C2="AM",1,0)) -> 0 | D2: =+IF(FORM!D2="AM Y PM",1,IF(FORM!D2="AM",1,0)) -> 0 | E2: =+IF(FORM!E2="AM Y PM",1,IF(FORM!E2="AM",1,0)) -> 0 | F2: =+IF(FORM!F2="AM Y PM",1,IF(FORM!F2="AM",1,0)) -> 1 | G2: =+IF(FORM!G2="AM Y PM",1,IF(FORM!G2="AM",1,0)) -> 1 | H2: =+IF(FORM!H2="AM Y PM",1,IF(FORM!H2="AM",1,0)) -> 1 | I2: =+IF(FORM!I2="AM Y PM",1,IF(FORM!I2="AM",1,0)) -> 1 | ... AF2: =+IF(FORM!AF2="AM Y PM",1,IF(FORM!AF2="AM",1,0)) -> 0
A3: T2 | B3: =+IF(FORM!B3="AM Y PM",1,IF(FORM!B3="AM",1,0)) -> 0 | C3: =+IF(FORM!C3="AM Y PM",1,IF(FORM!C3="AM",1,0)) -> 0 | D3: =+IF(FORM!D3="AM Y PM",1,IF(FORM!D3="AM",1,0)) -> 0 | E3: =+IF(FORM!E3="AM Y PM",1,IF(FORM!E3="AM",1,0)) -> 0 | F3: =+IF(FORM!F3="AM Y PM",1,IF(FORM!F3="AM",1,0)) -> 1 | G3: =+IF(FORM!G3="AM Y PM",1,IF(FORM!G3="AM",1,0)) -> 1 | H3: =+IF(FORM!H3="AM Y PM",1,IF(FORM!H3="AM",1,0)) -> 1 | I3: =+IF(FORM!I3="AM Y PM",1,IF(FORM!I3="AM",1,0)) -> 1 | ... AF3: =+IF(FORM!AF3="AM Y PM",1,IF(FORM!AF3="AM",1,0)) -> 0
A4: T3 | B4: =+IF(FORM!B4="AM Y PM",1,IF(FORM!B4="AM",1,0)) -> 0 | C4: =+IF(FORM!C4="AM Y PM",1,IF(FORM!C4="AM",1,0)) -> 0 | D4: =+IF(FORM!D4="AM Y PM",1,IF(FORM!D4="AM",1,0)) -> 0 | E4: =+IF(FORM!E4="AM Y PM",1,IF(FORM!E4="AM",1,0)) -> 0 | F4: =+IF(FORM!F4="AM Y PM",1,IF(FORM!F4="AM",1,0)) -> 1 | G4: =+IF(FORM!G4="AM Y PM",1,IF(FORM!G4="AM",1,0)) -> 1 | H4: =+IF(FORM!H4="AM Y PM",1,IF(FORM!H4="AM",1,0)) -> 1 | I4: =+IF(FORM!I4="AM Y PM",1,IF(FORM!I4="AM",1,0)) -> 1 | ... AF4: =+IF(FORM!AF4="AM Y PM",1,IF(FORM!AF4="AM",1,0)) -> 0
A5: T4 | B5: =+IF(FORM!B5="AM Y PM",1,IF(FORM!B5="AM",1,0)) -> 0 | C5: =+IF(FORM!C5="AM Y PM",1,IF(FORM!C5="AM",1,0)) -> 0 | D5: =+IF(FORM!D5="AM Y PM",1,IF(FORM!D5="AM",1,0)) -> 0 | E5: =+IF(FORM!E5="AM Y PM",1,IF(FORM!E5="AM",1,0)) -> 0 | F5: =+IF(FORM!F5="AM Y PM",1,IF(FORM!F5="AM",1,0)) -> 0 | G5: =+IF(FORM!G5="AM Y PM",1,IF(FORM!G5="AM",1,0)) -> 1 | H5: =+IF(FORM!H5="AM Y PM",1,IF(FORM!H5="AM",1,0)) -> 1 | I5: =+IF(FORM!I5="AM Y PM",1,IF(FORM!I5="AM",1,0)) -> 1 | ... AF5: =+IF(FORM!AF5="AM Y PM",1,IF(FORM!AF5="AM",1,0)) -> 0
A6: T5 | B6: =+IF(FORM!B6="AM Y PM",1,IF(FORM!B6="AM",1,0)) -> 0 | C6: =+IF(FORM!C6="AM Y PM",1,IF(FORM!C6="AM",1,0)) -> 0 | D6: =+IF(FORM!D6="AM Y PM",1,IF(FORM!D6="AM",1,0)) -> 0 | E6: =+IF(FORM!E6="AM Y PM",1,IF(FORM!E6="AM",1,0)) -> 0 | F6: =+IF(FORM!F6="AM Y PM",1,IF(FORM!F6="AM",1,0)) -> 0 | G6: =+IF(FORM!G6="AM Y PM",1,IF(FORM!G6="AM",1,0)) -> 0 | H6: =+IF(FORM!H6="AM Y PM",1,IF(FORM!H6="AM",1,0)) -> 0 | I6: =+IF(FORM!I6="AM Y PM",1,IF(FORM!I6="AM",1,0)) -> 0 | ... AF6: =+IF(FORM!AF6="AM Y PM",1,IF(FORM!AF6="AM",1,0)) -> 0
A7: T6 | B7: =+IF(FORM!B7="AM Y PM",1,IF(FORM!B7="AM",1,0)) -> 0 | C7: =+IF(FORM!C7="AM Y PM",1,IF(FORM!C7="AM",1,0)) -> 0 | D7: =+IF(FORM!D7="AM Y PM",1,IF(FORM!D7="AM",1,0)) -> 0 | E7: =+IF(FORM!E7="AM Y PM",1,IF(FORM!E7="AM",1,0)) -> 0 | F7: =+IF(FORM!F7="AM Y PM",1,IF(FORM!F7="AM",1,0)) -> 0 | G7: =+IF(FORM!G7="AM Y PM",1,IF(FORM!G7="AM",1,0)) -> 1 | H7: =+IF(FORM!H7="AM Y PM",1,IF(FORM!H7="AM",1,0)) -> 1 | I7: =+IF(FORM!I7="AM Y PM",1,IF(FORM!I7="AM",1,0)) -> 1 | ... AF7: =+IF(FORM!AF7="AM Y PM",1,IF(FORM!AF7="AM",1,0)) -> 1
A8: T7 | B8: =+IF(FORM!B8="AM Y PM",1,IF(FORM!B8="AM",1,0)) -> 0 | C8: =+IF(FORM!C8="AM Y PM",1,IF(FORM!C8="AM",1,0)) -> 0 | D8: =+IF(FORM!D8="AM Y PM",1,IF(FORM!D8="AM",1,0)) -> 0 | E8: =+IF(FORM!E8="AM Y PM",1,IF(FORM!E8="AM",1,0)) -> 0 | F8: =+IF(FORM!F8="AM Y PM",1,IF(FORM!F8="AM",1,0)) -> 1 | G8: =+IF(FORM!G8="AM Y PM",1,IF(FORM!G8="AM",1,0)) -> 1 | H8: =+IF(FORM!H8="AM Y PM",1,IF(FORM!H8="AM",1,0)) -> 1 | I8: =+IF(FORM!I8="AM Y PM",1,IF(FORM!I8="AM",1,0)) -> 1 | ... AF8: =+IF(FORM!AF8="AM Y PM",1,IF(FORM!AF8="AM",1,0)) -> 0
A9: T8 | B9: =+IF(FORM!B9="AM Y PM",1,IF(FORM!B9="AM",1,0)) -> 0 | C9: =+IF(FORM!C9="AM Y PM",1,IF(FORM!C9="AM",1,0)) -> 0 | D9: =+IF(FORM!D9="AM Y PM",1,IF(FORM!D9="AM",1,0)) -> 0 | E9: =+IF(FORM!E9="AM Y PM",1,IF(FORM!E9="AM",1,0)) -> 0 | F9: =+IF(FORM!F9="AM Y PM",1,IF(FORM!F9="AM",1,0)) -> 0 | G9: =+IF(FORM!G9="AM Y PM",1,IF(FORM!G9="AM",1,0)) -> 1 | H9: =+IF(FORM!H9="AM Y PM",1,IF(FORM!H9="AM",1,0)) -> 1 | I9: =+IF(FORM!I9="AM Y PM",1,IF(FORM!I9="AM",1,0)) -> 1 | ... AF9: =+IF(FORM!AF9="AM Y PM",1,IF(FORM!AF9="AM",1,0)) -> 1
A10: T9 | B10: =+IF(FORM!B10="AM Y PM",1,IF(FORM!B10="AM",1,0)) -> 0 | C10: =+IF(FORM!C10="AM Y PM",1,IF(FORM!C10="AM",1,0)) -> 0 | D10: =+IF(FORM!D10="AM Y PM",1,IF(FORM!D10="AM",1,0)) -> 0 | E10: =+IF(FORM!E10="AM Y PM",1,IF(FORM!E10="AM",1,0)) -> 0 | F10: =+IF(FORM!F10="AM Y PM",1,IF(FORM!F10="AM",1,0)) -> 0 | G10: =+IF(FORM!G10="AM Y PM",1,IF(FORM!G10="AM",1,0)) -> 1 | H10: =+IF(FORM!H10="AM Y PM",1,IF(FORM!H10="AM",1,0)) -> 1 | I10: =+IF(FORM!I10="AM Y PM",1,IF(FORM!I10="AM",1,0)) -> 1 | ... AF10: =+IF(FORM!AF10="AM Y PM",1,IF(FORM!AF10="AM",1,0)) -> 0
A11: T10 | B11: =+IF(FORM!B11="AM Y PM",1,IF(FORM!B11="AM",1,0)) -> 0 | C11: =+IF(FORM!C11="AM Y PM",1,IF(FORM!C11="AM",1,0)) -> 0 | D11: =+IF(FORM!D11="AM Y PM",1,IF(FORM!D11="AM",1,0)) -> 0 | E11: =+IF(FORM!E11="AM Y PM",1,IF(FORM!E11="AM",1,0)) -> 0 | F11: =+IF(FORM!F11="AM Y PM",1,IF(FORM!F11="AM",1,0)) -> 0 | G11: =+IF(FORM!G11="AM Y PM",1,IF(FORM!G11="AM",1,0)) -> 0 | H11: =+IF(FORM!H11="AM Y PM",1,IF(FORM!H11="AM",1,0)) -> 0 | I11: =+IF(FORM!I11="AM Y PM",1,IF(FORM!I11="AM",1,0)) -> 1 | ... AF11: =+IF(FORM!AF11="AM Y PM",1,IF(FORM!AF11="AM",1,0)) -> 0
A12: T11 | B12: =+IF(FORM!B12="AM Y PM",1,IF(FORM!B12="AM",1,0)) -> 0 | C12: =+IF(FORM!C12="AM Y PM",1,IF(FORM!C12="AM",1,0)) -> 0 | D12: =+IF(FORM!D12="AM Y PM",1,IF(FORM!D12="AM",1,0)) -> 0 | E12: =+IF(FORM!E12="AM Y PM",1,IF(FORM!E12="AM",1,0)) -> 0 | F12: =+IF(FORM!F12="AM Y PM",1,IF(FORM!F12="AM",1,0)) -> 0 | G12: =+IF(FORM!G12="AM Y PM",1,IF(FORM!G12="AM",1,0)) -> 0 | H12: =+IF(FORM!H12="AM Y PM",1,IF(FORM!H12="AM",1,0)) -> 0 | I12: =+IF(FORM!I12="AM Y PM",1,IF(FORM!I12="AM",1,0)) -> 1 | ... AF12: =+IF(FORM!AF12="AM Y PM",1,IF(FORM!AF12="AM",1,0)) -> 0
A13: T12 | B13: =+IF(FORM!B13="AM Y PM",1,IF(FORM!B13="AM",1,0)) -> 0 | C13: =+IF(FORM!C13="AM Y PM",1,IF(FORM!C13="AM",1,0)) -> 0 | D13: =+IF(FORM!D13="AM Y PM",1,IF(FORM!D13="AM",1,0)) -> 0 | E13: =+IF(FORM!E13="AM Y PM",1,IF(FORM!E13="AM",1,0)) -> 0 | F13: =+IF(FORM!F13="AM Y PM",1,IF(FORM!F13="AM",1,0)) -> 1 | G13: =+IF(FORM!G13="AM Y PM",1,IF(FORM!G13="AM",1,0)) -> 1 | H13: =+IF(FORM!H13="AM Y PM",1,IF(FORM!H13="AM",1,0)) -> 1 | I13: =+IF(FORM!I13="AM Y PM",1,IF(FORM!I13="AM",1,0)) -> 0 | ... AF13: =+IF(FORM!AF13="AM Y PM",1,IF(FORM!AF13="AM",1,0)) -> 1
... A46: T45 | B46: =+IF(FORM!B46="AM Y PM",1,IF(FORM!B46="AM",1,0)) -> 0 | C46: =+IF(FORM!C46="AM Y PM",1,IF(FORM!C46="AM",1,0)) -> 0 | D46: =+IF(FORM!D46="AM Y PM",1,IF(FORM!D46="AM",1,0)) -> 0 | E46: =+IF(FORM!E46="AM Y PM",1,IF(FORM!E46="AM",1,0)) -> 0 | F46: =+IF(FORM!F46="AM Y PM",1,IF(FORM!F46="AM",1,0)) -> 0 | G46: =+IF(FORM!G46="AM Y PM",1,IF(FORM!G46="AM",1,0)) -> 0 | H46: =+IF(FORM!H46="AM Y PM",1,IF(FORM!H46="AM",1,0)) -> 1 | I46: =+IF(FORM!I46="AM Y PM",1,IF(FORM!I46="AM",1,0)) -> 1 | ... AF46: =+IF(FORM!AF46="AM Y PM",1,IF(FORM!AF46="AM",1,0)) -> 1

Sheet TD_tdj2
B1: 1 | C1: 2 | D1: 3 | E1: 4 | F1: 5 | G1: 6 | H1: 7 | I1: 8 | J1: 9 | K1: 10 | L1: 11 | M1: 12 | N1: 13 | O1: 14 | P1: 15 | Q1: 16 | R1: 17 | S1: 18 | T1: 19 | U1: 20 | V1: 21 | W1: 22 | X1: 23 | Y1: 24 | Z1: 25 | AA1: 26 | AB1: 27 | AC1: 28 | AD1: 29 | AE1: 30 | AF1: 31
A2: T1 | B2: =+IF(FORM!B2="AM Y PM",1,IF(FORM!B2="PM",1,0)) -> 0 | C2: =+IF(FORM!C2="AM Y PM",1,IF(FORM!C2="PM",1,0)) -> 0 | D2: =+IF(FORM!D2="AM Y PM",1,IF(FORM!D2="PM",1,0)) -> 0 | E2: =+IF(FORM!E2="AM Y PM",1,IF(FORM!E2="PM",1,0)) -> 0 | F2: =+IF(FORM!F2="AM Y PM",1,IF(FORM!F2="PM",1,0)) -> 1 | G2: =+IF(FORM!G2="AM Y PM",1,IF(FORM!G2="PM",1,0)) -> 1 | H2: =+IF(FORM!H2="AM Y PM",1,IF(FORM!H2="PM",1,0)) -> 1 | I2: =+IF(FORM!I2="AM Y PM",1,IF(FORM!I2="PM",1,0)) -> 1 | ... AF2: =+IF(FORM!AF2="AM Y PM",1,IF(FORM!AF2="PM",1,0)) -> 0
A3: T2 | B3: =+IF(FORM!B3="AM Y PM",1,IF(FORM!B3="PM",1,0)) -> 0 | C3: =+IF(FORM!C3="AM Y PM",1,IF(FORM!C3="PM",1,0)) -> 0 | D3: =+IF(FORM!D3="AM Y PM",1,IF(FORM!D3="PM",1,0)) -> 0 | E3: =+IF(FORM!E3="AM Y PM",1,IF(FORM!E3="PM",1,0)) -> 0 | F3: =+IF(FORM!F3="AM Y PM",1,IF(FORM!F3="PM",1,0)) -> 1 | G3: =+IF(FORM!G3="AM Y PM",1,IF(FORM!G3="PM",1,0)) -> 1 | H3: =+IF(FORM!H3="AM Y PM",1,IF(FORM!H3="PM",1,0)) -> 1 | I3: =+IF(FORM!I3="AM Y PM",1,IF(FORM!I3="PM",1,0)) -> 1 | ... AF3: =+IF(FORM!AF3="AM Y PM",1,IF(FORM!AF3="PM",1,0)) -> 0
A4: T3 | B4: =+IF(FORM!B4="AM Y PM",1,IF(FORM!B4="PM",1,0)) -> 0 | C4: =+IF(FORM!C4="AM Y PM",1,IF(FORM!C4="PM",1,0)) -> 0 | D4: =+IF(FORM!D4="AM Y PM",1,IF(FORM!D4="PM",1,0)) -> 0 | E4: =+IF(FORM!E4="AM Y PM",1,IF(FORM!E4="PM",1,0)) -> 0 | F4: =+IF(FORM!F4="AM Y PM",1,IF(FORM!F4="PM",1,0)) -> 1 | G4: =+IF(FORM!G4="AM Y PM",1,IF(FORM!G4="PM",1,0)) -> 1 | H4: =+IF(FORM!H4="AM Y PM",1,IF(FORM!H4="PM",1,0)) -> 1 | I4: =+IF(FORM!I4="AM Y PM",1,IF(FORM!I4="PM",1,0)) -> 1 | ... AF4: =+IF(FORM!AF4="AM Y PM",1,IF(FORM!AF4="PM",1,0)) -> 0
A5: T4 | B5: =+IF(FORM!B5="AM Y PM",1,IF(FORM!B5="PM",1,0)) -> 0 | C5: =+IF(FORM!C5="AM Y PM",1,IF(FORM!C5="PM",1,0)) -> 0 | D5: =+IF(FORM!D5="AM Y PM",1,IF(FORM!D5="PM",1,0)) -> 0 | E5: =+IF(FORM!E5="AM Y PM",1,IF(FORM!E5="PM",1,0)) -> 0 | F5: =+IF(FORM!F5="AM Y PM",1,IF(FORM!F5="PM",1,0)) -> 0 | G5: =+IF(FORM!G5="AM Y PM",1,IF(FORM!G5="PM",1,0)) -> 1 | H5: =+IF(FORM!H5="AM Y PM",1,IF(FORM!H5="PM",1,0)) -> 1 | I5: =+IF(FORM!I5="AM Y PM",1,IF(FORM!I5="PM",1,0)) -> 1 | ... AF5: =+IF(FORM!AF5="AM Y PM",1,IF(FORM!AF5="PM",1,0)) -> 0
A6: T5 | B6: =+IF(FORM!B6="AM Y PM",1,IF(FORM!B6="PM",1,0)) -> 0 | C6: =+IF(FORM!C6="AM Y PM",1,IF(FORM!C6="PM",1,0)) -> 0 | D6: =+IF(FORM!D6="AM Y PM",1,IF(FORM!D6="PM",1,0)) -> 0 | E6: =+IF(FORM!E6="AM Y PM",1,IF(FORM!E6="PM",1,0)) -> 0 | F6: =+IF(FORM!F6="AM Y PM",1,IF(FORM!F6="PM",1,0)) -> 0 | G6: =+IF(FORM!G6="AM Y PM",1,IF(FORM!G6="PM",1,0)) -> 0 | H6: =+IF(FORM!H6="AM Y PM",1,IF(FORM!H6="PM",1,0)) -> 0 | I6: =+IF(FORM!I6="AM Y PM",1,IF(FORM!I6="PM",1,0)) -> 0 | ... AF6: =+IF(FORM!AF6="AM Y PM",1,IF(FORM!AF6="PM",1,0)) -> 0
A7: T6 | B7: =+IF(FORM!B7="AM Y PM",1,IF(FORM!B7="PM",1,0)) -> 0 | C7: =+IF(FORM!C7="AM Y PM",1,IF(FORM!C7="PM",1,0)) -> 0 | D7: =+IF(FORM!D7="AM Y PM",1,IF(FORM!D7="PM",1,0)) -> 0 | E7: =+IF(FORM!E7="AM Y PM",1,IF(FORM!E7="PM",1,0)) -> 0 | F7: =+IF(FORM!F7="AM Y PM",1,IF(FORM!F7="PM",1,0)) -> 0 | G7: =+IF(FORM!G7="AM Y PM",1,IF(FORM!G7="PM",1,0)) -> 1 | H7: =+IF(FORM!H7="AM Y PM",1,IF(FORM!H7="PM",1,0)) -> 1 | I7: =+IF(FORM!I7="AM Y PM",1,IF(FORM!I7="PM",1,0)) -> 1 | ... AF7: =+IF(FORM!AF7="AM Y PM",1,IF(FORM!AF7="PM",1,0)) -> 0
A8: T7 | B8: =+IF(FORM!B8="AM Y PM",1,IF(FORM!B8="PM",1,0)) -> 0 | C8: =+IF(FORM!C8="AM Y PM",1,IF(FORM!C8="PM",1,0)) -> 0 | D8: =+IF(FORM!D8="AM Y PM",1,IF(FORM!D8="PM",1,0)) -> 0 | E8: =+IF(FORM!E8="AM Y PM",1,IF(FORM!E8="PM",1,0)) -> 0 | F8: =+IF(FORM!F8="AM Y PM",1,IF(FORM!F8="PM",1,0)) -> 1 | G8: =+IF(FORM!G8="AM Y PM",1,IF(FORM!G8="PM",1,0)) -> 1 | H8: =+IF(FORM!H8="AM Y PM",1,IF(FORM!H8="PM",1,0)) -> 1 | I8: =+IF(FORM!I8="AM Y PM",1,IF(FORM!I8="PM",1,0)) -> 1 | ... AF8: =+IF(FORM!AF8="AM Y PM",1,IF(FORM!AF8="PM",1,0)) -> 0
A9: T8 | B9: =+IF(FORM!B9="AM Y PM",1,IF(FORM!B9="PM",1,0)) -> 0 | C9: =+IF(FORM!C9="AM Y PM",1,IF(FORM!C9="PM",1,0)) -> 0 | D9: =+IF(FORM!D9="AM Y PM",1,IF(FORM!D9="PM",1,0)) -> 0 | E9: =+IF(FORM!E9="AM Y PM",1,IF(FORM!E9="PM",1,0)) -> 0 | F9: =+IF(FORM!F9="AM Y PM",1,IF(FORM!F9="PM",1,0)) -> 0 | G9: =+IF(FORM!G9="AM Y PM",1,IF(FORM!G9="PM",1,0)) -> 1 | H9: =+IF(FORM!H9="AM Y PM",1,IF(FORM!H9="PM",1,0)) -> 1 | I9: =+IF(FORM!I9="AM Y PM",1,IF(FORM!I9="PM",1,0)) -> 1 | ... AF9: =+IF(FORM!AF9="AM Y PM",1,IF(FORM!AF9="PM",1,0)) -> 0
A10: T9 | B10: =+IF(FORM!B10="AM Y PM",1,IF(FORM!B10="PM",1,0)) -> 0 | C10: =+IF(FORM!C10="AM Y PM",1,IF(FORM!C10="PM",1,0)) -> 0 | D10: =+IF(FORM!D10="AM Y PM",1,IF(FORM!D10="PM",1,0)) -> 0 | E10: =+IF(FORM!E10="AM Y PM",1,IF(FORM!E10="PM",1,0)) -> 0 | F10: =+IF(FORM!F10="AM Y PM",1,IF(FORM!F10="PM",1,0)) -> 0 | G10: =+IF(FORM!G10="AM Y PM",1,IF(FORM!G10="PM",1,0)) -> 0 | H10: =+IF(FORM!H10="AM Y PM",1,IF(FORM!H10="PM",1,0)) -> 0 | I10: =+IF(FORM!I10="AM Y PM",1,IF(FORM!I10="PM",1,0)) -> 0 | ... AF10: =+IF(FORM!AF10="AM Y PM",1,IF(FORM!AF10="PM",1,0)) -> 0
A11: T10 | B11: =+IF(FORM!B11="AM Y PM",1,IF(FORM!B11="PM",1,0)) -> 0 | C11: =+IF(FORM!C11="AM Y PM",1,IF(FORM!C11="PM",1,0)) -> 0 | D11: =+IF(FORM!D11="AM Y PM",1,IF(FORM!D11="PM",1,0)) -> 0 | E11: =+IF(FORM!E11="AM Y PM",1,IF(FORM!E11="PM",1,0)) -> 0 | F11: =+IF(FORM!F11="AM Y PM",1,IF(FORM!F11="PM",1,0)) -> 0 | G11: =+IF(FORM!G11="AM Y PM",1,IF(FORM!G11="PM",1,0)) -> 0 | H11: =+IF(FORM!H11="AM Y PM",1,IF(FORM!H11="PM",1,0)) -> 0 | I11: =+IF(FORM!I11="AM Y PM",1,IF(FORM!I11="PM",1,0)) -> 0 | ... AF11: =+IF(FORM!AF11="AM Y PM",1,IF(FORM!AF11="PM",1,0)) -> 0
A12: T11 | B12: =+IF(FORM!B12="AM Y PM",1,IF(FORM!B12="PM",1,0)) -> 0 | C12: =+IF(FORM!C12="AM Y PM",1,IF(FORM!C12="PM",1,0)) -> 0 | D12: =+IF(FORM!D12="AM Y PM",1,IF(FORM!D12="PM",1,0)) -> 0 | E12: =+IF(FORM!E12="AM Y PM",1,IF(FORM!E12="PM",1,0)) -> 0 | F12: =+IF(FORM!F12="AM Y PM",1,IF(FORM!F12="PM",1,0)) -> 0 | G12: =+IF(FORM!G12="AM Y PM",1,IF(FORM!G12="PM",1,0)) -> 0 | H12: =+IF(FORM!H12="AM Y PM",1,IF(FORM!H12="PM",1,0)) -> 0 | I12: =+IF(FORM!I12="AM Y PM",1,IF(FORM!I12="PM",1,0)) -> 1 | ... AF12: =+IF(FORM!AF12="AM Y PM",1,IF(FORM!AF12="PM",1,0)) -> 0
A13: T12 | B13: =+IF(FORM!B13="AM Y PM",1,IF(FORM!B13="PM",1,0)) -> 0 | C13: =+IF(FORM!C13="AM Y PM",1,IF(FORM!C13="PM",1,0)) -> 0 | D13: =+IF(FORM!D13="AM Y PM",1,IF(FORM!D13="PM",1,0)) -> 0 | E13: =+IF(FORM!E13="AM Y PM",1,IF(FORM!E13="PM",1,0)) -> 0 | F13: =+IF(FORM!F13="AM Y PM",1,IF(FORM!F13="PM",1,0)) -> 0 | G13: =+IF(FORM!G13="AM Y PM",1,IF(FORM!G13="PM",1,0)) -> 1 | H13: =+IF(FORM!H13="AM Y PM",1,IF(FORM!H13="PM",1,0)) -> 1 | I13: =+IF(FORM!I13="AM Y PM",1,IF(FORM!I13="PM",1,0)) -> 0 | ... AF13: =+IF(FORM!AF13="AM Y PM",1,IF(FORM!AF13="PM",1,0)) -> 0
... A46: T45 | B46: =+IF(FORM!B46="AM Y PM",1,IF(FORM!B46="PM",1,0)) -> 0 | C46: =+IF(FORM!C46="AM Y PM",1,IF(FORM!C46="PM",1,0)) -> 0 | D46: =+IF(FORM!D46="AM Y PM",1,IF(FORM!D46="PM",1,0)) -> 0 | E46: =+IF(FORM!E46="AM Y PM",1,IF(FORM!E46="PM",1,0)) -> 0 | F46: =+IF(FORM!F46="AM Y PM",1,IF(FORM!F46="PM",1,0)) -> 0 | G46: =+IF(FORM!G46="AM Y PM",1,IF(FORM!G46="PM",1,0)) -> 0 | H46: =+IF(FORM!H46="AM Y PM",1,IF(FORM!H46="PM",1,0)) -> 1 | I46: =+IF(FORM!I46="AM Y PM",1,IF(FORM!I46="PM",1,0)) -> 1 | ... AF46: =+IF(FORM!AF46="AM Y PM",1,IF(FORM!AF46="PM",1,0)) -> 0

Sheet TJ_tdj1
B1: 1 | C1: 2 | D1: 3 | E1: 4 | F1: 5 | G1: 6 | H1: 7 | I1: 8 | J1: 9 | K1: 10 | L1: 11 | M1: 12 | N1: 13 | O1: 14 | P1: 15 | Q1: 16 | R1: 17 | S1: 18 | T1: 19 | U1: 20 | V1: 21 | W1: 22 | X1: 23 | Y1: 24 | Z1: 25 | AA1: 26 | AB1: 27 | AC1: 28 | AD1: 29 | AE1: 30 | AF1: 31
A2: T1 | B2: =+TD_tdj1!B2*300 -> 0 | C2: =+TD_tdj1!C2*300 -> 0 | D2: =+TD_tdj1!D2*300 -> 0 | E2: =+TD_tdj1!E2*300 -> 0 | F2: =+TD_tdj1!F2*300 -> 300 | G2: =+TD_tdj1!G2*300 -> 300 | H2: =+TD_tdj1!H2*300 -> 300 | I2: =+TD_tdj1!I2*300 -> 300 | ... AF2: =+TD_tdj1!AF2*300 -> 0
A3: T2 | B3: =+TD_tdj1!B3*300 -> 0 | C3: =+TD_tdj1!C3*300 -> 0 | D3: =+TD_tdj1!D3*300 -> 0 | E3: =+TD_tdj1!E3*300 -> 0 | F3: =+TD_tdj1!F3*300 -> 300 | G3: =+TD_tdj1!G3*300 -> 300 | H3: =+TD_tdj1!H3*300 -> 300 | I3: =+TD_tdj1!I3*300 -> 300 | ... AF3: =+TD_tdj1!AF3*300 -> 0
A4: T3 | B4: =+TD_tdj1!B4*300 -> 0 | C4: =+TD_tdj1!C4*300 -> 0 | D4: =+TD_tdj1!D4*300 -> 0 | E4: =+TD_tdj1!E4*300 -> 0 | F4: =+TD_tdj1!F4*300 -> 300 | G4: =+TD_tdj1!G4*300 -> 300 | H4: =+TD_tdj1!H4*300 -> 300 | I4: =+TD_tdj1!I4*300 -> 300 | ... AF4: =+TD_tdj1!AF4*300 -> 0
A5: T4 | B5: =+TD_tdj1!B5*300 -> 0 | C5: =+TD_tdj1!C5*300 -> 0 | D5: =+TD_tdj1!D5*300 -> 0 | E5: =+TD_tdj1!E5*300 -> 0 | F5: =+TD_tdj1!F5*300 -> 0 | G5: =+TD_tdj1!G5*300 -> 300 | H5: =+TD_tdj1!H5*300 -> 300 | I5: =+TD_tdj1!I5*300 -> 300 | ... AF5: =+TD_tdj1!AF5*300 -> 0
A6: T5 | B6: =+TD_tdj1!B6*300 -> 0 | C6: =+TD_tdj1!C6*300 -> 0 | D6: =+TD_tdj1!D6*300 -> 0 | E6: =+TD_tdj1!E6*300 -> 0 | F6: =+TD_tdj1!F6*300 -> 0 | G6: =+TD_tdj1!G6*300 -> 0 | H6: =+TD_tdj1!H6*300 -> 0 | I6: =+TD_tdj1!I6*300 -> 0 | ... AF6: =+TD_tdj1!AF6*300 -> 0
A7: T6 | B7: =+TD_tdj1!B7*300 -> 0 | C7: =+TD_tdj1!C7*300 -> 0 | D7: =+TD_tdj1!D7*300 -> 0 | E7: =+TD_tdj1!E7*300 -> 0 | F7: =+TD_tdj1!F7*300 -> 0 | G7: =+TD_tdj1!G7*300 -> 300 | H7: =+TD_tdj1!H7*300 -> 300 | I7: =+TD_tdj1!I7*300 -> 300 | ... AF7: =+TD_tdj1!AF7*300 -> 300
A8: T7 | B8: =+TD_tdj1!B8*300 -> 0 | C8: =+TD_tdj1!C8*300 -> 0 | D8: =+TD_tdj1!D8*300 -> 0 | E8: =+TD_tdj1!E8*300 -> 0 | F8: =+TD_tdj1!F8*300 -> 300 | G8: =+TD_tdj1!G8*300 -> 300 | H8: =+TD_tdj1!H8*300 -> 300 | I8: =+TD_tdj1!I8*300 -> 300 | ... AF8: =+TD_tdj1!AF8*300 -> 0
A9: T8 | B9: =+TD_tdj1!B9*300 -> 0 | C9: =+TD_tdj1!C9*300 -> 0 | D9: =+TD_tdj1!D9*300 -> 0 | E9: =+TD_tdj1!E9*300 -> 0 | F9: =+TD_tdj1!F9*300 -> 0 | G9: =+TD_tdj1!G9*300 -> 300 | H9: =+TD_tdj1!H9*300 -> 300 | I9: =+TD_tdj1!I9*300 -> 300 | ... AF9: =+TD_tdj1!AF9*300 -> 300
A10: T9 | B10: =+TD_tdj1!B10*300 -> 0 | C10: =+TD_tdj1!C10*300 -> 0 | D10: =+TD_tdj1!D10*300 -> 0 | E10: =+TD_tdj1!E10*300 -> 0 | F10: =+TD_tdj1!F10*300 -> 0 | G10: =+TD_tdj1!G10*300 -> 300 | H10: =+TD_tdj1!H10*300 -> 300 | I10: =+TD_tdj1!I10*300 -> 300 | ... AF10: =+TD_tdj1!AF10*300 -> 0
A11: T10 | B11: =+TD_tdj1!B11*300 -> 0 | C11: =+TD_tdj1!C11*300 -> 0 | D11: =+TD_tdj1!D11*300 -> 0 | E11: =+TD_tdj1!E11*300 -> 0 | F11: =+TD_tdj1!F11*300 -> 0 | G11: =+TD_tdj1!G11*300 -> 0 | H11: =+TD_tdj1!H11*300 -> 0 | I11: =+TD_tdj1!I11*300 -> 300 | ... AF11: =+TD_tdj1!AF11*300 -> 0
A12: T11 | B12: =+TD_tdj1!B12*300 -> 0 | C12: =+TD_tdj1!C12*300 -> 0 | D12: =+TD_tdj1!D12*300 -> 0 | E12: =+TD_tdj1!E12*300 -> 0 | F12: =+TD_tdj1!F12*300 -> 0 | G12: =+TD_tdj1!G12*300 -> 0 | H12: =+TD_tdj1!H12*300 -> 0 | I12: =+TD_tdj1!I12*300 -> 300 | ... AF12: =+TD_tdj1!AF12*300 -> 0
A13: T12 | B13: =+TD_tdj1!B13*300 -> 0 | C13: =+TD_tdj1!C13*300 -> 0 | D13: =+TD_tdj1!D13*300 -> 0 | E13: =+TD_tdj1!E13*300 -> 0 | F13: =+TD_tdj1!F13*300 -> 300 | G13: =+TD_tdj1!G13*300 -> 300 | H13: =+TD_tdj1!H13*300 -> 300 | I13: =+TD_tdj1!I13*300 -> 0 | ... AF13: =+TD_tdj1!AF13*300 -> 300
... A46: T45 | B46: =+TD_tdj1!B46*300 -> 0 | C46: =+TD_tdj1!C46*300 -> 0 | D46: =+TD_tdj1!D46*300 -> 0 | E46: =+TD_tdj1!E46*300 -> 0 | F46: =+TD_tdj1!F46*300 -> 0 | G46: =+TD_tdj1!G46*300 -> 0 | H46: =+TD_tdj1!H46*300 -> 300 | I46: =+TD_tdj1!I46*300 -> 300 | ... AF46: =+TD_tdj1!AF46*300 -> 300

Sheet TJ_tdj2
B1: 1 | C1: 2 | D1: 3 | E1: 4 | F1: 5 | G1: 6 | H1: 7 | I1: 8 | J1: 9 | K1: 10 | L1: 11 | M1: 12 | N1: 13 | O1: 14 | P1: 15 | Q1: 16 | R1: 17 | S1: 18 | T1: 19 | U1: 20 | V1: 21 | W1: 22 | X1: 23 | Y1: 24 | Z1: 25 | AA1: 26 | AB1: 27 | AC1: 28 | AD1: 29 | AE1: 30 | AF1: 31
A2: T1 | B2: =+TD_tdj2!B2*240 -> 0 | C2: =+TD_tdj2!C2*240 -> 0 | D2: =+TD_tdj2!D2*240 -> 0 | E2: =+TD_tdj2!E2*240 -> 0 | F2: =+TD_tdj2!F2*240 -> 240 | G2: =+TD_tdj2!G2*240 -> 240 | H2: =+TD_tdj2!H2*240 -> 240 | I2: =+TD_tdj2!I2*240 -> 240 | ... AF2: =+TD_tdj2!AF2*240 -> 0
A3: T2 | B3: =+TD_tdj2!B3*240 -> 0 | C3: =+TD_tdj2!C3*240 -> 0 | D3: =+TD_tdj2!D3*240 -> 0 | E3: =+TD_tdj2!E3*240 -> 0 | F3: =+TD_tdj2!F3*240 -> 240 | G3: =+TD_tdj2!G3*240 -> 240 | H3: =+TD_tdj2!H3*240 -> 240 | I3: =+TD_tdj2!I3*240 -> 240 | ... AF3: =+TD_tdj2!AF3*240 -> 0
A4: T3 | B4: =+TD_tdj2!B4*240 -> 0 | C4: =+TD_tdj2!C4*240 -> 0 | D4: =+TD_tdj2!D4*240 -> 0 | E4: =+TD_tdj2!E4*240 -> 0 | F4: =+TD_tdj2!F4*240 -> 240 | G4: =+TD_tdj2!G4*240 -> 240 | H4: =+TD_tdj2!H4*240 -> 240 | I4: =+TD_tdj2!I4*240 -> 240 | ... AF4: =+TD_tdj2!AF4*240 -> 0
A5: T4 | B5: =+TD_tdj2!B5*240 -> 0 | C5: =+TD_tdj2!C5*240 -> 0 | D5: =+TD_tdj2!D5*240 -> 0 | E5: =+TD_tdj2!E5*240 -> 0 | F5: =+TD_tdj2!F5*240 -> 0 | G5: =+TD_tdj2!G5*240 -> 240 | H5: =+TD_tdj2!H5*240 -> 240 | I5: =+TD_tdj2!I5*240 -> 240 | ... AF5: =+TD_tdj2!AF5*240 -> 0
A6: T5 | B6: =+TD_tdj2!B6*240 -> 0 | C6: =+TD_tdj2!C6*240 -> 0 | D6: =+TD_tdj2!D6*240 -> 0 | E6: =+TD_tdj2!E6*240 -> 0 | F6: =+TD_tdj2!F6*240 -> 0 | G6: =+TD_tdj2!G6*240 -> 0 | H6: =+TD_tdj2!H6*240 -> 0 | I6: =+TD_tdj2!I6*240 -> 0 | ... AF6: =+TD_tdj2!AF6*240 -> 0
A7: T6 | B7: =+TD_tdj2!B7*240 -> 0 | C7: =+TD_tdj2!C7*240 -> 0 | D7: =+TD_tdj2!D7*240 -> 0 | E7: =+TD_tdj2!E7*240 -> 0 | F7: =+TD_tdj2!F7*240 -> 0 | G7: =+TD_tdj2!G7*240 -> 240 | H7: =+TD_tdj2!H7*240 -> 240 | I7: =+TD_tdj2!I7*240 -> 240 | ... AF7: =+TD_tdj2!AF7*240 -> 0
A8: T7 | B8: =+TD_tdj2!B8*240 -> 0 | C8: =+TD_tdj2!C8*240 -> 0 | D8: =+TD_tdj2!D8*240 -> 0 | E8: =+TD_tdj2!E8*240 -> 0 | F8: =+TD_tdj2!F8*240 -> 240 | G8: =+TD_tdj2!G8*240 -> 240 | H8: =+TD_tdj2!H8*240 -> 240 | I8: =+TD_tdj2!I8*240 -> 240 | ... AF8: =+TD_tdj2!AF8*240 -> 0
A9: T8 | B9: =+TD_tdj2!B9*240 -> 0 | C9: =+TD_tdj2!C9*240 -> 0 | D9: =+TD_tdj2!D9*240 -> 0 | E9: =+TD_tdj2!E9*240 -> 0 | F9: =+TD_tdj2!F9*240 -> 0 | G9: =+TD_tdj2!G9*240 -> 240 | H9: =+TD_tdj2!H9*240 -> 240 | I9: =+TD_tdj2!I9*240 -> 240 | ... AF9: =+TD_tdj2!AF9*240 -> 0
A10: T9 | B10: =+TD_tdj2!B10*240 -> 0 | C10: =+TD_tdj2!C10*240 -> 0 | D10: =+TD_tdj2!D10*240 -> 0 | E10: =+TD_tdj2!E10*240 -> 0 | F10: =+TD_tdj2!F10*240 -> 0 | G10: =+TD_tdj2!G10*240 -> 0 | H10: =+TD_tdj2!H10*240 -> 0 | I10: =+TD_tdj2!I10*240 -> 0 | ... AF10: =+TD_tdj2!AF10*240 -> 0
A11: T10 | B11: =+TD_tdj2!B11*240 -> 0 | C11: =+TD_tdj2!C11*240 -> 0 | D11: =+TD_tdj2!D11*240 -> 0 | E11: =+TD_tdj2!E11*240 -> 0 | F11: =+TD_tdj2!F11*240 -> 0 | G11: =+TD_tdj2!G11*240 -> 0 | H11: =+TD_tdj2!H11*240 -> 0 | I11: =+TD_tdj2!I11*240 -> 0 | ... AF11: =+TD_tdj2!AF11*240 -> 0
A12: T11 | B12: =+TD_tdj2!B12*240 -> 0 | C12: =+TD_tdj2!C12*240 -> 0 | D12: =+TD_tdj2!D12*240 -> 0 | E12: =+TD_tdj2!E12*240 -> 0 | F12: =+TD_tdj2!F12*240 -> 0 | G12: =+TD_tdj2!G12*240 -> 0 | H12: =+TD_tdj2!H12*240 -> 0 | I12: =+TD_tdj2!I12*240 -> 240 | ... AF12: =+TD_tdj2!AF12*240 -> 0
A13: T12 | B13: =+TD_tdj2!B13*240 -> 0 | C13: =+TD_tdj2!C13*240 -> 0 | D13: =+TD_tdj2!D13*240 -> 0 | E13: =+TD_tdj2!E13*240 -> 0 | F13: =+TD_tdj2!F13*240 -> 0 | G13: =+TD_tdj2!G13*240 -> 240 | H13: =+TD_tdj2!H13*240 -> 240 | I13: =+TD_tdj2!I13*240 -> 0 | ... AF13: =+TD_tdj2!AF13*240 -> 0
... A46: T45 | B46: =+TD_tdj2!B46*240 -> 0 | C46: =+TD_tdj2!C46*240 -> 0 | D46: =+TD_tdj2!D46*240 -> 0 | E46: =+TD_tdj2!E46*240 -> 0 | F46: =+TD_tdj2!F46*240 -> 0 | G46: =+TD_tdj2!G46*240 -> 0 | H46: =+TD_tdj2!H46*240 -> 240 | I46: =+TD_tdj2!I46*240 -> 240 | ... AF46: =+TD_tdj2!AF46*240 -> 0

Sheet AD_tis1
B1: O1 | C1: O2 | D1: O3 | E1: O4 | F1: O5 | G1: O6 | H1: O7 | I1: O8 | J1: O9 | K1: O10 | L1: O11 | M1: O12 | N1: O13 | O1: O14 | P1: O15 | Q1: O16 | R1: O17 | S1: OP1 | T1: OP2 | U1: OP3 | V1: OP4 | W1: OP5 | X1: OP6 | Y1: OP7 | Z1: OP8 | AA1: OP9 | AB1: OP10 | AC1: E1 | AD1: E2 | AE1: E3 | AF1: E4 | AG1: E5 | AH1: E6 | AI1: E7 | AJ1: E8 | AK1: E9 | AL1: E10 | AM1: E11 | AN1: C1 | AO1: C2 | AP1: C3 | AQ1: C4 | AR1: C5 | AS1: C6 | AT1: C7 | AU1: C8 | AV1: C9 | AW1: L1 | AX1: L2 | AY1: S1 | AZ1: S2 | BA1: U1 | BB1: U2 | BC1: U3
A2: ="T"&_xlfn.SEQUENCE(36,1,1,1) -> T1 | B2: =+AD_tis!$BD2*AD_tis!B2*AD_tis!B$47 -> 0 | C2: =+AD_tis!$BD2*AD_tis!C2*AD_tis!C$47 -> 0 | D2: =+AD_tis!$BD2*AD_tis!D2*AD_tis!D$47 -> 0 | E2: =+AD_tis!$BD2*AD_tis!E2*AD_tis!E$47 -> 1 | F2: =+AD_tis!$BD2*AD_tis!F2*AD_tis!F$47 -> 0 | G2: =+AD_tis!$BD2*AD_tis!G2*AD_tis!G$47 -> 0 | H2: =+AD_tis!$BD2*AD_tis!H2*AD_tis!H$47 -> 0 | I2: =+AD_tis!$BD2*AD_tis!I2*AD_tis!I$47 -> 0 | ... BC2: =+AD_tis!$BD2*AD_tis!BC2*AD_tis!BC$47 -> 0
A3: T2 | B3: =+AD_tis!$BD3*AD_tis!B3*AD_tis!B$47 -> 0 | C3: =+AD_tis!$BD3*AD_tis!C3*AD_tis!C$47 -> 0 | D3: =+AD_tis!$BD3*AD_tis!D3*AD_tis!D$47 -> 0 | E3: =+AD_tis!$BD3*AD_tis!E3*AD_tis!E$47 -> 1 | F3: =+AD_tis!$BD3*AD_tis!F3*AD_tis!F$47 -> 0 | G3: =+AD_tis!$BD3*AD_tis!G3*AD_tis!G$47 -> 0 | H3: =+AD_tis!$BD3*AD_tis!H3*AD_tis!H$47 -> 0 | I3: =+AD_tis!$BD3*AD_tis!I3*AD_tis!I$47 -> 0 | ... BC3: =+AD_tis!$BD3*AD_tis!BC3*AD_tis!BC$47 -> 0
A4: T3 | B4: =+AD_tis!$BD4*AD_tis!B4*AD_tis!B$47 -> 0 | C4: =+AD_tis!$BD4*AD_tis!C4*AD_tis!C$47 -> 0 | D4: =+AD_tis!$BD4*AD_tis!D4*AD_tis!D$47 -> 0 | E4: =+AD_tis!$BD4*AD_tis!E4*AD_tis!E$47 -> 1 | F4: =+AD_tis!$BD4*AD_tis!F4*AD_tis!F$47 -> 0 | G4: =+AD_tis!$BD4*AD_tis!G4*AD_tis!G$47 -> 0 | H4: =+AD_tis!$BD4*AD_tis!H4*AD_tis!H$47 -> 0 | I4: =+AD_tis!$BD4*AD_tis!I4*AD_tis!I$47 -> 0 | ... BC4: =+AD_tis!$BD4*AD_tis!BC4*AD_tis!BC$47 -> 0
A5: T4 | B5: =+AD_tis!$BD5*AD_tis!B5*AD_tis!B$47 -> 0 | C5: =+AD_tis!$BD5*AD_tis!C5*AD_tis!C$47 -> 0 | D5: =+AD_tis!$BD5*AD_tis!D5*AD_tis!D$47 -> 0 | E5: =+AD_tis!$BD5*AD_tis!E5*AD_tis!E$47 -> 1 | F5: =+AD_tis!$BD5*AD_tis!F5*AD_tis!F$47 -> 0 | G5: =+AD_tis!$BD5*AD_tis!G5*AD_tis!G$47 -> 0 | H5: =+AD_tis!$BD5*AD_tis!H5*AD_tis!H$47 -> 0 | I5: =+AD_tis!$BD5*AD_tis!I5*AD_tis!I$47 -> 0 | ... BC5: =+AD_tis!$BD5*AD_tis!BC5*AD_tis!BC$47 -> 0
A6: T5 | B6: =+AD_tis!$BD6*AD_tis!B6*AD_tis!B$47 -> 0 | C6: =+AD_tis!$BD6*AD_tis!C6*AD_tis!C$47 -> 0 | D6: =+AD_tis!$BD6*AD_tis!D6*AD_tis!D$47 -> 1 | E6: =+AD_tis!$BD6*AD_tis!E6*AD_tis!E$47 -> 0 | F6: =+AD_tis!$BD6*AD_tis!F6*AD_tis!F$47 -> 0 | G6: =+AD_tis!$BD6*AD_tis!G6*AD_tis!G$47 -> 0 | H6: =+AD_tis!$BD6*AD_tis!H6*AD_tis!H$47 -> 0 | I6: =+AD_tis!$BD6*AD_tis!I6*AD_tis!I$47 -> 0 | ... BC6: =+AD_tis!$BD6*AD_tis!BC6*AD_tis!BC$47 -> 0
A7: T6 | B7: =+AD_tis!$BD7*AD_tis!B7*AD_tis!B$47 -> 0 | C7: =+AD_tis!$BD7*AD_tis!C7*AD_tis!C$47 -> 0 | D7: =+AD_tis!$BD7*AD_tis!D7*AD_tis!D$47 -> 0 | E7: =+AD_tis!$BD7*AD_tis!E7*AD_tis!E$47 -> 0 | F7: =+AD_tis!$BD7*AD_tis!F7*AD_tis!F$47 -> 0 | G7: =+AD_tis!$BD7*AD_tis!G7*AD_tis!G$47 -> 0 | H7: =+AD_tis!$BD7*AD_tis!H7*AD_tis!H$47 -> 1 | I7: =+AD_tis!$BD7*AD_tis!I7*AD_tis!I$47 -> 1 | ... BC7: =+AD_tis!$BD7*AD_tis!BC7*AD_tis!BC$47 -> 0
A8: T7 | B8: =+AD_tis!$BD8*AD_tis!B8*AD_tis!B$47 -> 0 | C8: =+AD_tis!$BD8*AD_tis!C8*AD_tis!C$47 -> 0 | D8: =+AD_tis!$BD8*AD_tis!D8*AD_tis!D$47 -> 0 | E8: =+AD_tis!$BD8*AD_tis!E8*AD_tis!E$47 -> 0 | F8: =+AD_tis!$BD8*AD_tis!F8*AD_tis!F$47 -> 0 | G8: =+AD_tis!$BD8*AD_tis!G8*AD_tis!G$47 -> 0 | H8: =+AD_tis!$BD8*AD_tis!H8*AD_tis!H$47 -> 0 | I8: =+AD_tis!$BD8*AD_tis!I8*AD_tis!I$47 -> 0 | ... BC8: =+AD_tis!$BD8*AD_tis!BC8*AD_tis!BC$47 -> 0
A9: T8 | B9: =+AD_tis!$BD9*AD_tis!B9*AD_tis!B$47 -> 0 | C9: =+AD_tis!$BD9*AD_tis!C9*AD_tis!C$47 -> 0 | D9: =+AD_tis!$BD9*AD_tis!D9*AD_tis!D$47 -> 0 | E9: =+AD_tis!$BD9*AD_tis!E9*AD_tis!E$47 -> 1 | F9: =+AD_tis!$BD9*AD_tis!F9*AD_tis!F$47 -> 0 | G9: =+AD_tis!$BD9*AD_tis!G9*AD_tis!G$47 -> 0 | H9: =+AD_tis!$BD9*AD_tis!H9*AD_tis!H$47 -> 0 | I9: =+AD_tis!$BD9*AD_tis!I9*AD_tis!I$47 -> 0 | ... BC9: =+AD_tis!$BD9*AD_tis!BC9*AD_tis!BC$47 -> 0
A10: T9 | B10: =+AD_tis!$BD10*AD_tis!B10*AD_tis!B$47 -> 0 | C10: =+AD_tis!$BD10*AD_tis!C10*AD_tis!C$47 -> 0 | D10: =+AD_tis!$BD10*AD_tis!D10*AD_tis!D$47 -> 1 | E10: =+AD_tis!$BD10*AD_tis!E10*AD_tis!E$47 -> 0 | F10: =+AD_tis!$BD10*AD_tis!F10*AD_tis!F$47 -> 0 | G10: =+AD_tis!$BD10*AD_tis!G10*AD_tis!G$47 -> 0 | H10: =+AD_tis!$BD10*AD_tis!H10*AD_tis!H$47 -> 0 | I10: =+AD_tis!$BD10*AD_tis!I10*AD_tis!I$47 -> 0 | ... BC10: =+AD_tis!$BD10*AD_tis!BC10*AD_tis!BC$47 -> 0
A11: T10 | B11: =+AD_tis!$BD11*AD_tis!B11*AD_tis!B$47 -> 0 | C11: =+AD_tis!$BD11*AD_tis!C11*AD_tis!C$47 -> 0 | D11: =+AD_tis!$BD11*AD_tis!D11*AD_tis!D$47 -> 0 | E11: =+AD_tis!$BD11*AD_tis!E11*AD_tis!E$47 -> 0 | F11: =+AD_tis!$BD11*AD_tis!F11*AD_tis!F$47 -> 0 | G11: =+AD_tis!$BD11*AD_tis!G11*AD_tis!G$47 -> 0 | H11: =+AD_tis!$BD11*AD_tis!H11*AD_tis!H$47 -> 0 | I11: =+AD_tis!$BD11*AD_tis!I11*AD_tis!I$47 -> 0 | ... BC11: =+AD_tis!$BD11*AD_tis!BC11*AD_tis!BC$47 -> 0
A12: T11 | B12: =+AD_tis!$BD12*AD_tis!B12*AD_tis!B$47 -> 0 | C12: =+AD_tis!$BD12*AD_tis!C12*AD_tis!C$47 -> 0 | D12: =+AD_tis!$BD12*AD_tis!D12*AD_tis!D$47 -> 0 | E12: =+AD_tis!$BD12*AD_tis!E12*AD_tis!E$47 -> 0 | F12: =+AD_tis!$BD12*AD_tis!F12*AD_tis!F$47 -> 0 | G12: =+AD_tis!$BD12*AD_tis!G12*AD_tis!G$47 -> 0 | H12: =+AD_tis!$BD12*AD_tis!H12*AD_tis!H$47 -> 0 | I12: =+AD_tis!$BD12*AD_tis!I12*AD_tis!I$47 -> 0 | ... BC12: =+AD_tis!$BD12*AD_tis!BC12*AD_tis!BC$47 -> 0
A13: T12 | B13: =+AD_tis!$BD13*AD_tis!B13*AD_tis!B$47 -> 0 | C13: =+AD_tis!$BD13*AD_tis!C13*AD_tis!C$47 -> 0 | D13: =+AD_tis!$BD13*AD_tis!D13*AD_tis!D$47 -> 0 | E13: =+AD_tis!$BD13*AD_tis!E13*AD_tis!E$47 -> 0 | F13: =+AD_tis!$BD13*AD_tis!F13*AD_tis!F$47 -> 0 | G13: =+AD_tis!$BD13*AD_tis!G13*AD_tis!G$47 -> 0 | H13: =+AD_tis!$BD13*AD_tis!H13*AD_tis!H$47 -> 0 | I13: =+AD_tis!$BD13*AD_tis!I13*AD_tis!I$47 -> 0 | ... BC13: =+AD_tis!$BD13*AD_tis!BC13*AD_tis!BC$47 -> 0
A14: T13 | B14: =+AD_tis!$BD14*AD_tis!B14*AD_tis!B$47 -> 1 | C14: =+AD_tis!$BD14*AD_tis!C14*AD_tis!C$47 -> 0 | D14: =+AD_tis!$BD14*AD_tis!D14*AD_tis!D$47 -> 0 | E14: =+AD_tis!$BD14*AD_tis!E14*AD_tis!E$47 -> 0 | F14: =+AD_tis!$BD14*AD_tis!F14*AD_tis!F$47 -> 0 | G14: =+AD_tis!$BD14*AD_tis!G14*AD_tis!G$47 -> 0 | H14: =+AD_tis!$BD14*AD_tis!H14*AD_tis!H$47 -> 0 | I14: =+AD_tis!$BD14*AD_tis!I14*AD_tis!I$47 -> 0 | ... BC14: =+AD_tis!$BD14*AD_tis!BC14*AD_tis!BC$47 -> 0
... A46: T45 | B46: =+AD_tis!$BD46*AD_tis!B46*AD_tis!B$47 -> 0 | C46: =+AD_tis!$BD46*AD_tis!C46*AD_tis!C$47 -> 0 | D46: =+AD_tis!$BD46*AD_tis!D46*AD_tis!D$47 -> 0 | E46: =+AD_tis!$BD46*AD_tis!E46*AD_tis!E$47 -> 0 | F46: =+AD_tis!$BD46*AD_tis!F46*AD_tis!F$47 -> 0 | G46: =+AD_tis!$BD46*AD_tis!G46*AD_tis!G$47 -> 0 | H46: =+AD_tis!$BD46*AD_tis!H46*AD_tis!H$47 -> 0 | I46: =+AD_tis!$BD46*AD_tis!I46*AD_tis!I$47 -> 0 | ... BC46: =+AD_tis!$BD46*AD_tis!BC46*AD_tis!BC$47 -> 0

Sheet AD_tis2
B1: O1 | C1: O2 | D1: O3 | E1: O4 | F1: O5 | G1: O6 | H1: O7 | I1: O8 | J1: O9 | K1: O10 | L1: O11 | M1: O12 | N1: O13 | O1: O14 | P1: O15 | Q1: O16 | R1: O17 | S1: OP1 | T1: OP2 | U1: OP3 | V1: OP4 | W1: OP5 | X1: OP6 | Y1: OP7 | Z1: OP8 | AA1: OP9 | AB1: OP10 | AC1: E1 | AD1: E2 | AE1: E3 | AF1: E4 | AG1: E5 | AH1: E6 | AI1: E7 | AJ1: E8 | AK1: E9 | AL1: E10 | AM1: E11 | AN1: C1 | AO1: C2 | AP1: C3 | AQ1: C4 | AR1: C5 | AS1: C6 | AT1: C7 | AU1: C8 | AV1: C9 | AW1: L1 | AX1: L2 | AY1: S1 | AZ1: S2 | BA1: U1 | BB1: U2 | BC1: U3
A2: ="T"&_xlfn.SEQUENCE(36,1,1,1) -> T1 | B2: =+AD_tis!B2*AD_tis!B$48*AD_tis!$BE2 -> 0 | C2: =+AD_tis!C2*AD_tis!C$48*AD_tis!$BE2 -> 0 | D2: =+AD_tis!D2*AD_tis!D$48*AD_tis!$BE2 -> 0 | E2: =+AD_tis!E2*AD_tis!E$48*AD_tis!$BE2 -> 0 | F2: =+AD_tis!F2*AD_tis!F$48*AD_tis!$BE2 -> 0 | G2: =+AD_tis!G2*AD_tis!G$48*AD_tis!$BE2 -> 0 | H2: =+AD_tis!H2*AD_tis!H$48*AD_tis!$BE2 -> 0 | I2: =+AD_tis!I2*AD_tis!I$48*AD_tis!$BE2 -> 0 | ... BC2: =+AD_tis!BC2*AD_tis!BC$48*AD_tis!$BE2 -> 0
A3: T2 | B3: =+AD_tis!B3*AD_tis!B$48*AD_tis!$BE3 -> 0 | C3: =+AD_tis!C3*AD_tis!C$48*AD_tis!$BE3 -> 0 | D3: =+AD_tis!D3*AD_tis!D$48*AD_tis!$BE3 -> 0 | E3: =+AD_tis!E3*AD_tis!E$48*AD_tis!$BE3 -> 0 | F3: =+AD_tis!F3*AD_tis!F$48*AD_tis!$BE3 -> 0 | G3: =+AD_tis!G3*AD_tis!G$48*AD_tis!$BE3 -> 1 | H3: =+AD_tis!H3*AD_tis!H$48*AD_tis!$BE3 -> 0 | I3: =+AD_tis!I3*AD_tis!I$48*AD_tis!$BE3 -> 0 | ... BC3: =+AD_tis!BC3*AD_tis!BC$48*AD_tis!$BE3 -> 0
A4: T3 | B4: =+AD_tis!B4*AD_tis!B$48*AD_tis!$BE4 -> 0 | C4: =+AD_tis!C4*AD_tis!C$48*AD_tis!$BE4 -> 0 | D4: =+AD_tis!D4*AD_tis!D$48*AD_tis!$BE4 -> 0 | E4: =+AD_tis!E4*AD_tis!E$48*AD_tis!$BE4 -> 0 | F4: =+AD_tis!F4*AD_tis!F$48*AD_tis!$BE4 -> 0 | G4: =+AD_tis!G4*AD_tis!G$48*AD_tis!$BE4 -> 1 | H4: =+AD_tis!H4*AD_tis!H$48*AD_tis!$BE4 -> 0 | I4: =+AD_tis!I4*AD_tis!I$48*AD_tis!$BE4 -> 0 | ... BC4: =+AD_tis!BC4*AD_tis!BC$48*AD_tis!$BE4 -> 0
A5: T4 | B5: =+AD_tis!B5*AD_tis!B$48*AD_tis!$BE5 -> 0 | C5: =+AD_tis!C5*AD_tis!C$48*AD_tis!$BE5 -> 0 | D5: =+AD_tis!D5*AD_tis!D$48*AD_tis!$BE5 -> 0 | E5: =+AD_tis!E5*AD_tis!E$48*AD_tis!$BE5 -> 0 | F5: =+AD_tis!F5*AD_tis!F$48*AD_tis!$BE5 -> 0 | G5: =+AD_tis!G5*AD_tis!G$48*AD_tis!$BE5 -> 1 | H5: =+AD_tis!H5*AD_tis!H$48*AD_tis!$BE5 -> 0 | I5: =+AD_tis!I5*AD_tis!I$48*AD_tis!$BE5 -> 0 | ... BC5: =+AD_tis!BC5*AD_tis!BC$48*AD_tis!$BE5 -> 0
A6: T5 | B6: =+AD_tis!B6*AD_tis!B$48*AD_tis!$BE6 -> 0 | C6: =+AD_tis!C6*AD_tis!C$48*AD_tis!$BE6 -> 0 | D6: =+AD_tis!D6*AD_tis!D$48*AD_tis!$BE6 -> 0 | E6: =+AD_tis!E6*AD_tis!E$48*AD_tis!$BE6 -> 0 | F6: =+AD_tis!F6*AD_tis!F$48*AD_tis!$BE6 -> 0 | G6: =+AD_tis!G6*AD_tis!G$48*AD_tis!$BE6 -> 1 | H6: =+AD_tis!H6*AD_tis!H$48*AD_tis!$BE6 -> 0 | I6: =+AD_tis!I6*AD_tis!I$48*AD_tis!$BE6 -> 0 | ... BC6: =+AD_tis!BC6*AD_tis!BC$48*AD_tis!$BE6 -> 0
A7: T6 | B7: =+AD_tis!B7*AD_tis!B$48*AD_tis!$BE7 -> 0 | C7: =+AD_tis!C7*AD_tis!C$48*AD_tis!$BE7 -> 0 | D7: =+AD_tis!D7*AD_tis!D$48*AD_tis!$BE7 -> 0 | E7: =+AD_tis!E7*AD_tis!E$48*AD_tis!$BE7 -> 0 | F7: =+AD_tis!F7*AD_tis!F$48*AD_tis!$BE7 -> 0 | G7: =+AD_tis!G7*AD_tis!G$48*AD_tis!$BE7 -> 1 | H7: =+AD_tis!H7*AD_tis!H$48*AD_tis!$BE7 -> 0 | I7: =+AD_tis!I7*AD_tis!I$48*AD_tis!$BE7 -> 0 | ... BC7: =+AD_tis!BC7*AD_tis!BC$48*AD_tis!$BE7 -> 0
A8: T7 | B8: =+AD_tis!B8*AD_tis!B$48*AD_tis!$BE8 -> 0 | C8: =+AD_tis!C8*AD_tis!C$48*AD_tis!$BE8 -> 0 | D8: =+AD_tis!D8*AD_tis!D$48*AD_tis!$BE8 -> 0 | E8: =+AD_tis!E8*AD_tis!E$48*AD_tis!$BE8 -> 0 | F8: =+AD_tis!F8*AD_tis!F$48*AD_tis!$BE8 -> 0 | G8: =+AD_tis!G8*AD_tis!G$48*AD_tis!$BE8 -> 1 | H8: =+AD_tis!H8*AD_tis!H$48*AD_tis!$BE8 -> 0 | I8: =+AD_tis!I8*AD_tis!I$48*AD_tis!$BE8 -> 0 | ... BC8: =+AD_tis!BC8*AD_tis!BC$48*AD_tis!$BE8 -> 0
A9: T8 | B9: =+AD_tis!B9*AD_tis!B$48*AD_tis!$BE9 -> 0 | C9: =+AD_tis!C9*AD_tis!C$48*AD_tis!$BE9 -> 0 | D9: =+AD_tis!D9*AD_tis!D$48*AD_tis!$BE9 -> 0 | E9: =+AD_tis!E9*AD_tis!E$48*AD_tis!$BE9 -> 0 | F9: =+AD_tis!F9*AD_tis!F$48*AD_tis!$BE9 -> 0 | G9: =+AD_tis!G9*AD_tis!G$48*AD_tis!$BE9 -> 1 | H9: =+AD_tis!H9*AD_tis!H$48*AD_tis!$BE9 -> 0 | I9: =+AD_tis!I9*AD_tis!I$48*AD_tis!$BE9 -> 0 | ... BC9: =+AD_tis!BC9*AD_tis!BC$48*AD_tis!$BE9 -> 0
A10: T9 | B10: =+AD_tis!B10*AD_tis!B$48*AD_tis!$BE10 -> 0 | C10: =+AD_tis!C10*AD_tis!C$48*AD_tis!$BE10 -> 0 | D10: =+AD_tis!D10*AD_tis!D$48*AD_tis!$BE10 -> 0 | E10: =+AD_tis!E10*AD_tis!E$48*AD_tis!$BE10 -> 0 | F10: =+AD_tis!F10*AD_tis!F$48*AD_tis!$BE10 -> 0 | G10: =+AD_tis!G10*AD_tis!G$48*AD_tis!$BE10 -> 1 | H10: =+AD_tis!H10*AD_tis!H$48*AD_tis!$BE10 -> 0 | I10: =+AD_tis!I10*AD_tis!I$48*AD_tis!$BE10 -> 0 | ... BC10: =+AD_tis!BC10*AD_tis!BC$48*AD_tis!$BE10 -> 0
A11: T10 | B11: =+AD_tis!B11*AD_tis!B$48*AD_tis!$BE11 -> 0 | C11: =+AD_tis!C11*AD_tis!C$48*AD_tis!$BE11 -> 0 | D11: =+AD_tis!D11*AD_tis!D$48*AD_tis!$BE11 -> 0 | E11: =+AD_tis!E11*AD_tis!E$48*AD_tis!$BE11 -> 0 | F11: =+AD_tis!F11*AD_tis!F$48*AD_tis!$BE11 -> 1 | G11: =+AD_tis!G11*AD_tis!G$48*AD_tis!$BE11 -> 1 | H11: =+AD_tis!H11*AD_tis!H$48*AD_tis!$BE11 -> 0 | I11: =+AD_tis!I11*AD_tis!I$48*AD_tis!$BE11 -> 0 | ... BC11: =+AD_tis!BC11*AD_tis!BC$48*AD_tis!$BE11 -> 0
A12: T11 | B12: =+AD_tis!B12*AD_tis!B$48*AD_tis!$BE12 -> 0 | C12: =+AD_tis!C12*AD_tis!C$48*AD_tis!$BE12 -> 0 | D12: =+AD_tis!D12*AD_tis!D$48*AD_tis!$BE12 -> 0 | E12: =+AD_tis!E12*AD_tis!E$48*AD_tis!$BE12 -> 0 | F12: =+AD_tis!F12*AD_tis!F$48*AD_tis!$BE12 -> 0 | G12: =+AD_tis!G12*AD_tis!G$48*AD_tis!$BE12 -> 1 | H12: =+AD_tis!H12*AD_tis!H$48*AD_tis!$BE12 -> 0 | I12: =+AD_tis!I12*AD_tis!I$48*AD_tis!$BE12 -> 0 | ... BC12: =+AD_tis!BC12*AD_tis!BC$48*AD_tis!$BE12 -> 0
A13: T12 | B13: =+AD_tis!B13*AD_tis!B$48*AD_tis!$BE13 -> 0 | C13: =+AD_tis!C13*AD_tis!C$48*AD_tis!$BE13 -> 0 | D13: =+AD_tis!D13*AD_tis!D$48*AD_tis!$BE13 -> 0 | E13: =+AD_tis!E13*AD_tis!E$48*AD_tis!$BE13 -> 0 | F13: =+AD_tis!F13*AD_tis!F$48*AD_tis!$BE13 -> 1 | G13: =+AD_tis!G13*AD_tis!G$48*AD_tis!$BE13 -> 1 | H13: =+AD_tis!H13*AD_tis!H$48*AD_tis!$BE13 -> 0 | I13: =+AD_tis!I13*AD_tis!I$48*AD_tis!$BE13 -> 0 | ... BC13: =+AD_tis!BC13*AD_tis!BC$48*AD_tis!$BE13 -> 0
A14: T13 | B14: =+AD_tis!B14*AD_tis!B$48*AD_tis!$BE14 -> 0 | C14: =+AD_tis!C14*AD_tis!C$48*AD_tis!$BE14 -> 0 | D14: =+AD_tis!D14*AD_tis!D$48*AD_tis!$BE14 -> 0 | E14: =+AD_tis!E14*AD_tis!E$48*AD_tis!$BE14 -> 0 | F14: =+AD_tis!F14*AD_tis!F$48*AD_tis!$BE14 -> 0 | G14: =+AD_tis!G14*AD_tis!G$48*AD_tis!$BE14 -> 0 | H14: =+AD_tis!H14*AD_tis!H$48*AD_tis!$BE14 -> 0 | I14: =+AD_tis!I14*AD_tis!I$48*AD_tis!$BE14 -> 0 | ... BC14: =+AD_tis!BC14*AD_tis!BC$48*AD_tis!$BE14 -> 0
... A46: T45 | B46: =+AD_tis!B46*AD_tis!B$48*AD_tis!$BE46 -> 0 | C46: =+AD_tis!C46*AD_tis!C$48*AD_tis!$BE46 -> 0 | D46: =+AD_tis!D46*AD_tis!D$48*AD_tis!$BE46 -> 0 | E46: =+AD_tis!E46*AD_tis!E$48*AD_tis!$BE46 -> 0 | F46: =+AD_tis!F46*AD_tis!F$48*AD_tis!$BE46 -> 0 | G46: =+AD_tis!G46*AD_tis!G$48*AD_tis!$BE46 -> 0 | H46: =+AD_tis!H46*AD_tis!H$48*AD_tis!$BE46 -> 0 | I46: =+AD_tis!I46*AD_tis!I$48*AD_tis!$BE46 -> 0 | ... BC46: =+AD_tis!BC46*AD_tis!BC$48*AD_tis!$BE46 -> 0

Sheet AD_tis3
B1: O1 | C1: O2 | D1: O3 | E1: O4 | F1: O5 | G1: O6 | H1: O7 | I1: O8 | J1: O9 | K1: O10 | L1: O11 | M1: O12 | N1: O13 | O1: O14 | P1: O15 | Q1: O16 | R1: O17 | S1: OP1 | T1: OP2 | U1: OP3 | V1: OP4 | W1: OP5 | X1: OP6 | Y1: OP7 | Z1: OP8 | AA1: OP9 | AB1: OP10 | AC1: E1 | AD1: E2 | AE1: E3 | AF1: E4 | AG1: E5 | AH1: E6 | AI1: E7 | AJ1: E8 | AK1: E9 | AL1: E10 | AM1: E11 | AN1: C1 | AO1: C2 | AP1: C3 | AQ1: C4 | AR1: C5 | AS1: C6 | AT1: C7 | AU1: C8 | AV1: C9 | AW1: L1 | AX1: L2 | AY1: S1 | AZ1: S2 | BA1: U1 | BB1: U2 | BC1: U3
A2: ="T"&_xlfn.SEQUENCE(36,1,1,1) -> T1 | B2: =+AD_tis!B2*AD_tis!B$49*AD_tis!$BF2 -> 0 | C2: =+AD_tis!C2*AD_tis!C$49*AD_tis!$BF2 -> 0 | D2: =+AD_tis!D2*AD_tis!D$49*AD_tis!$BF2 -> 0 | E2: =+AD_tis!E2*AD_tis!E$49*AD_tis!$BF2 -> 0 | F2: =+AD_tis!F2*AD_tis!F$49*AD_tis!$BF2 -> 0 | G2: =+AD_tis!G2*AD_tis!G$49*AD_tis!$BF2 -> 0 | H2: =+AD_tis!H2*AD_tis!H$49*AD_tis!$BF2 -> 0 | I2: =+AD_tis!I2*AD_tis!I$49*AD_tis!$BF2 -> 0 | ... BC2: =+AD_tis!BC2*AD_tis!BC$49*AD_tis!$BF2 -> 0
A3: T2 | B3: =+AD_tis!B3*AD_tis!B$49*AD_tis!$BF3 -> 0 | C3: =+AD_tis!C3*AD_tis!C$49*AD_tis!$BF3 -> 0 | D3: =+AD_tis!D3*AD_tis!D$49*AD_tis!$BF3 -> 0 | E3: =+AD_tis!E3*AD_tis!E$49*AD_tis!$BF3 -> 0 | F3: =+AD_tis!F3*AD_tis!F$49*AD_tis!$BF3 -> 0 | G3: =+AD_tis!G3*AD_tis!G$49*AD_tis!$BF3 -> 1 | H3: =+AD_tis!H3*AD_tis!H$49*AD_tis!$BF3 -> 0 | I3: =+AD_tis!I3*AD_tis!I$49*AD_tis!$BF3 -> 0 | ... BC3: =+AD_tis!BC3*AD_tis!BC$49*AD_tis!$BF3 -> 0
A4: T3 | B4: =+AD_tis!B4*AD_tis!B$49*AD_tis!$BF4 -> 0 | C4: =+AD_tis!C4*AD_tis!C$49*AD_tis!$BF4 -> 0 | D4: =+AD_tis!D4*AD_tis!D$49*AD_tis!$BF4 -> 0 | E4: =+AD_tis!E4*AD_tis!E$49*AD_tis!$BF4 -> 0 | F4: =+AD_tis!F4*AD_tis!F$49*AD_tis!$BF4 -> 0 | G4: =+AD_tis!G4*AD_tis!G$49*AD_tis!$BF4 -> 1 | H4: =+AD_tis!H4*AD_tis!H$49*AD_tis!$BF4 -> 0 | I4: =+AD_tis!I4*AD_tis!I$49*AD_tis!$BF4 -> 0 | ... BC4: =+AD_tis!BC4*AD_tis!BC$49*AD_tis!$BF4 -> 0
A5: T4 | B5: =+AD_tis!B5*AD_tis!B$49*AD_tis!$BF5 -> 0 | C5: =+AD_tis!C5*AD_tis!C$49*AD_tis!$BF5 -> 0 | D5: =+AD_tis!D5*AD_tis!D$49*AD_tis!$BF5 -> 0 | E5: =+AD_tis!E5*AD_tis!E$49*AD_tis!$BF5 -> 0 | F5: =+AD_tis!F5*AD_tis!F$49*AD_tis!$BF5 -> 0 | G5: =+AD_tis!G5*AD_tis!G$49*AD_tis!$BF5 -> 1 | H5: =+AD_tis!H5*AD_tis!H$49*AD_tis!$BF5 -> 0 | I5: =+AD_tis!I5*AD_tis!I$49*AD_tis!$BF5 -> 0 | ... BC5: =+AD_tis!BC5*AD_tis!BC$49*AD_tis!$BF5 -> 0
A6: T5 | B6: =+AD_tis!B6*AD_tis!B$49*AD_tis!$BF6 -> 0 | C6: =+AD_tis!C6*AD_tis!C$49*AD_tis!$BF6 -> 0 | D6: =+AD_tis!D6*AD_tis!D$49*AD_tis!$BF6 -> 0 | E6: =+AD_tis!E6*AD_tis!E$49*AD_tis!$BF6 -> 0 | F6: =+AD_tis!F6*AD_tis!F$49*AD_tis!$BF6 -> 0 | G6: =+AD_tis!G6*AD_tis!G$49*AD_tis!$BF6 -> 0 | H6: =+AD_tis!H6*AD_tis!H$49*AD_tis!$BF6 -> 0 | I6: =+AD_tis!I6*AD_tis!I$49*AD_tis!$BF6 -> 0 | ... BC6: =+AD_tis!BC6*AD_tis!BC$49*AD_tis!$BF6 -> 0
A7: T6 | B7: =+AD_tis!B7*AD_tis!B$49*AD_tis!$BF7 -> 0 | C7: =+AD_tis!C7*AD_tis!C$49*AD_tis!$BF7 -> 0 | D7: =+AD_tis!D7*AD_tis!D$49*AD_tis!$BF7 -> 0 | E7: =+AD_tis!E7*AD_tis!E$49*AD_tis!$BF7 -> 0 | F7: =+AD_tis!F7*AD_tis!F$49*AD_tis!$BF7 -> 0 | G7: =+AD_tis!G7*AD_tis!G$49*AD_tis!$BF7 -> 1 | H7: =+AD_tis!H7*AD_tis!H$49*AD_tis!$BF7 -> 0 | I7: =+AD_tis!I7*AD_tis!I$49*AD_tis!$BF7 -> 0 | ... BC7: =+AD_tis!BC7*AD_tis!BC$49*AD_tis!$BF7 -> 0
A8: T7 | B8: =+AD_tis!B8*AD_tis!B$49*AD_tis!$BF8 -> 0 | C8: =+AD_tis!C8*AD_tis!C$49*AD_tis!$BF8 -> 0 | D8: =+AD_tis!D8*AD_tis!D$49*AD_tis!$BF8 -> 0 | E8: =+AD_tis!E8*AD_tis!E$49*AD_tis!$BF8 -> 0 | F8: =+AD_tis!F8*AD_tis!F$49*AD_tis!$BF8 -> 0 | G8: =+AD_tis!G8*AD_tis!G$49*AD_tis!$BF8 -> 1 | H8: =+AD_tis!H8*AD_tis!H$49*AD_tis!$BF8 -> 0 | I8: =+AD_tis!I8*AD_tis!I$49*AD_tis!$BF8 -> 0 | ... BC8: =+AD_tis!BC8*AD_tis!BC$49*AD_tis!$BF8 -> 0
A9: T8 | B9: =+AD_tis!B9*AD_tis!B$49*AD_tis!$BF9 -> 0 | C9: =+AD_tis!C9*AD_tis!C$49*AD_tis!$BF9 -> 0 | D9: =+AD_tis!D9*AD_tis!D$49*AD_tis!$BF9 -> 0 | E9: =+AD_tis!E9*AD_tis!E$49*AD_tis!$BF9 -> 0 | F9: =+AD_tis!F9*AD_tis!F$49*AD_tis!$BF9 -> 0 | G9: =+AD_tis!G9*AD_tis!G$49*AD_tis!$BF9 -> 1 | H9: =+AD_tis!H9*AD_tis!H$49*AD_tis!$BF9 -> 0 | I9: =+AD_tis!I9*AD_tis!I$49*AD_tis!$BF9 -> 0 | ... BC9: =+AD_tis!BC9*AD_tis!BC$49*AD_tis!$BF9 -> 0
A10: T9 | B10: =+AD_tis!B10*AD_tis!B$49*AD_tis!$BF10 -> 0 | C10: =+AD_tis!C10*AD_tis!C$49*AD_tis!$BF10 -> 0 | D10: =+AD_tis!D10*AD_tis!D$49*AD_tis!$BF10 -> 0 | E10: =+AD_tis!E10*AD_tis!E$49*AD_tis!$BF10 -> 0 | F10: =+AD_tis!F10*AD_tis!F$49*AD_tis!$BF10 -> 0 | G10: =+AD_tis!G10*AD_tis!G$49*AD_tis!$BF10 -> 0 | H10: =+AD_tis!H10*AD_tis!H$49*AD_tis!$BF10 -> 0 | I10: =+AD_tis!I10*AD_tis!I$49*AD_tis!$BF10 -> 0 | ... BC10: =+AD_tis!BC10*AD_tis!BC$49*AD_tis!$BF10 -> 0
A11: T10 | B11: =+AD_tis!B11*AD_tis!B$49*AD_tis!$BF11 -> 0 | C11: =+AD_tis!C11*AD_tis!C$49*AD_tis!$BF11 -> 0 | D11: =+AD_tis!D11*AD_tis!D$49*AD_tis!$BF11 -> 0 | E11: =+AD_tis!E11*AD_tis!E$49*AD_tis!$BF11 -> 0 | F11: =+AD_tis!F11*AD_tis!F$49*AD_tis!$BF11 -> 0 | G11: =+AD_tis!G11*AD_tis!G$49*AD_tis!$BF11 -> 0 | H11: =+AD_tis!H11*AD_tis!H$49*AD_tis!$BF11 -> 0 | I11: =+AD_tis!I11*AD_tis!I$49*AD_tis!$BF11 -> 0 | ... BC11: =+AD_tis!BC11*AD_tis!BC$49*AD_tis!$BF11 -> 0
A12: T11 | B12: =+AD_tis!B12*AD_tis!B$49*AD_tis!$BF12 -> 0 | C12: =+AD_tis!C12*AD_tis!C$49*AD_tis!$BF12 -> 0 | D12: =+AD_tis!D12*AD_tis!D$49*AD_tis!$BF12 -> 0 | E12: =+AD_tis!E12*AD_tis!E$49*AD_tis!$BF12 -> 0 | F12: =+AD_tis!F12*AD_tis!F$49*AD_tis!$BF12 -> 0 | G12: =+AD_tis!G12*AD_tis!G$49*AD_tis!$BF12 -> 1 | H12: =+AD_tis!H12*AD_tis!H$49*AD_tis!$BF12 -> 0 | I12: =+AD_tis!I12*AD_tis!I$49*AD_tis!$BF12 -> 0 | ... BC12: =+AD_tis!BC12*AD_tis!BC$49*AD_tis!$BF12 -> 0
A13: T12 | B13: =+AD_tis!B13*AD_tis!B$49*AD_tis!$BF13 -> 0 | C13: =+AD_tis!C13*AD_tis!C$49*AD_tis!$BF13 -> 0 | D13: =+AD_tis!D13*AD_tis!D$49*AD_tis!$BF13 -> 0 | E13: =+AD_tis!E13*AD_tis!E$49*AD_tis!$BF13 -> 0 | F13: =+AD_tis!F13*AD_tis!F$49*AD_tis!$BF13 -> 0 | G13: =+AD_tis!G13*AD_tis!G$49*AD_tis!$BF13 -> 0 | H13: =+AD_tis!H13*AD_tis!H$49*AD_tis!$BF13 -> 0 | I13: =+AD_tis!I13*AD_tis!I$49*AD_tis!$BF13 -> 0 | ... BC13: =+AD_tis!BC13*AD_tis!BC$49*AD_tis!$BF13 -> 0
A14: T13 | B14: =+AD_tis!B14*AD_tis!B$49*AD_tis!$BF14 -> 0 | C14: =+AD_tis!C14*AD_tis!C$49*AD_tis!$BF14 -> 0 | D14: =+AD_tis!D14*AD_tis!D$49*AD_tis!$BF14 -> 0 | E14: =+AD_tis!E14*AD_tis!E$49*AD_tis!$BF14 -> 0 | F14: =+AD_tis!F14*AD_tis!F$49*AD_tis!$BF14 -> 0 | G14: =+AD_tis!G14*AD_tis!G$49*AD_tis!$BF14 -> 0 | H14: =+AD_tis!H14*AD_tis!H$49*AD_tis!$BF14 -> 0 | I14: =+AD_tis!I14*AD_tis!I$49*AD_tis!$BF14 -> 0 | ... BC14: =+AD_tis!BC14*AD_tis!BC$49*AD_tis!$BF14 -> 0
... A46: T45 | B46: =+AD_tis!B46*AD_tis!B$49*AD_tis!$BF46 -> 0 | C46: =+AD_tis!C46*AD_tis!C$49*AD_tis!$BF46 -> 0 | D46: =+AD_tis!D46*AD_tis!D$49*AD_tis!$BF46 -> 0 | E46: =+AD_tis!E46*AD_tis!E$49*AD_tis!$BF46 -> 0 | F46: =+AD_tis!F46*AD_tis!F$49*AD_tis!$BF46 -> 0 | G46: =+AD_tis!G46*AD_tis!G$49*AD_tis!$BF46 -> 0 | H46: =+AD_tis!H46*AD_tis!H$49*AD_tis!$BF46 -> 0 | I46: =+AD_tis!I46*AD_tis!I$49*AD_tis!$BF46 -> 0 | ... BC46: =+AD_tis!BC46*AD_tis!BC$49*AD_tis!$BF46 -> 0

Sheet AD_tis4
B1: O1 | C1: O2 | D1: O3 | E1: O4 | F1: O5 | G1: O6 | H1: O7 | I1: O8 | J1: O9 | K1: O10 | L1: O11 | M1: O12 | N1: O13 | O1: O14 | P1: O15 | Q1: O16 | R1: O17 | S1: OP1 | T1: OP2 | U1: OP3 | V1: OP4 | W1: OP5 | X1: OP6 | Y1: OP7 | Z1: OP8 | AA1: OP9 | AB1: OP10 | AC1: E1 | AD1: E2 | AE1: E3 | AF1: E4 | AG1: E5 | AH1: E6 | AI1: E7 | AJ1: E8 | AK1: E9 | AL1: E10 | AM1: E11 | AN1: C1 | AO1: C2 | AP1: C3 | AQ1: C4 | AR1: C5 | AS1: C6 | AT1: C7 | AU1: C8 | AV1: C9 | AW1: L1 | AX1: L2 | AY1: S1 | AZ1: S2 | BA1: U1 | BB1: U2 | BC1: U3
A2: ="T"&_xlfn.SEQUENCE(36,1,1,1) -> T1 | B2: =+AD_tis!B2*AD_tis!B$50*AD_tis!$BG2 -> 0 | C2: =+AD_tis!C2*AD_tis!C$50*AD_tis!$BG2 -> 0 | D2: =+AD_tis!D2*AD_tis!D$50*AD_tis!$BG2 -> 0 | E2: =+AD_tis!E2*AD_tis!E$50*AD_tis!$BG2 -> 0 | F2: =+AD_tis!F2*AD_tis!F$50*AD_tis!$BG2 -> 0 | G2: =+AD_tis!G2*AD_tis!G$50*AD_tis!$BG2 -> 0 | H2: =+AD_tis!H2*AD_tis!H$50*AD_tis!$BG2 -> 0 | I2: =+AD_tis!I2*AD_tis!I$50*AD_tis!$BG2 -> 0 | ... BC2: =+AD_tis!BC2*AD_tis!BC$50*AD_tis!$BG2 -> 0
A3: T2 | B3: =+AD_tis!B3*AD_tis!B$50*AD_tis!$BG3 -> 0 | C3: =+AD_tis!C3*AD_tis!C$50*AD_tis!$BG3 -> 0 | D3: =+AD_tis!D3*AD_tis!D$50*AD_tis!$BG3 -> 0 | E3: =+AD_tis!E3*AD_tis!E$50*AD_tis!$BG3 -> 0 | F3: =+AD_tis!F3*AD_tis!F$50*AD_tis!$BG3 -> 0 | G3: =+AD_tis!G3*AD_tis!G$50*AD_tis!$BG3 -> 0 | H3: =+AD_tis!H3*AD_tis!H$50*AD_tis!$BG3 -> 0 | I3: =+AD_tis!I3*AD_tis!I$50*AD_tis!$BG3 -> 0 | ... BC3: =+AD_tis!BC3*AD_tis!BC$50*AD_tis!$BG3 -> 0
A4: T3 | B4: =+AD_tis!B4*AD_tis!B$50*AD_tis!$BG4 -> 0 | C4: =+AD_tis!C4*AD_tis!C$50*AD_tis!$BG4 -> 0 | D4: =+AD_tis!D4*AD_tis!D$50*AD_tis!$BG4 -> 0 | E4: =+AD_tis!E4*AD_tis!E$50*AD_tis!$BG4 -> 1 | F4: =+AD_tis!F4*AD_tis!F$50*AD_tis!$BG4 -> 0 | G4: =+AD_tis!G4*AD_tis!G$50*AD_tis!$BG4 -> 1 | H4: =+AD_tis!H4*AD_tis!H$50*AD_tis!$BG4 -> 0 | I4: =+AD_tis!I4*AD_tis!I$50*AD_tis!$BG4 -> 0 | ... BC4: =+AD_tis!BC4*AD_tis!BC$50*AD_tis!$BG4 -> 0
A5: T4 | B5: =+AD_tis!B5*AD_tis!B$50*AD_tis!$BG5 -> 0 | C5: =+AD_tis!C5*AD_tis!C$50*AD_tis!$BG5 -> 0 | D5: =+AD_tis!D5*AD_tis!D$50*AD_tis!$BG5 -> 0 | E5: =+AD_tis!E5*AD_tis!E$50*AD_tis!$BG5 -> 0 | F5: =+AD_tis!F5*AD_tis!F$50*AD_tis!$BG5 -> 0 | G5: =+AD_tis!G5*AD_tis!G$50*AD_tis!$BG5 -> 0 | H5: =+AD_tis!H5*AD_tis!H$50*AD_tis!$BG5 -> 0 | I5: =+AD_tis!I5*AD_tis!I$50*AD_tis!$BG5 -> 0 | ... BC5: =+AD_tis!BC5*AD_tis!BC$50*AD_tis!$BG5 -> 0
A6: T5 | B6: =+AD_tis!B6*AD_tis!B$50*AD_tis!$BG6 -> 0 | C6: =+AD_tis!C6*AD_tis!C$50*AD_tis!$BG6 -> 0 | D6: =+AD_tis!D6*AD_tis!D$50*AD_tis!$BG6 -> 1 | E6: =+AD_tis!E6*AD_tis!E$50*AD_tis!$BG6 -> 0 | F6: =+AD_tis!F6*AD_tis!F$50*AD_tis!$BG6 -> 0 | G6: =+AD_tis!G6*AD_tis!G$50*AD_tis!$BG6 -> 1 | H6: =+AD_tis!H6*AD_tis!H$50*AD_tis!$BG6 -> 0 | I6: =+AD_tis!I6*AD_tis!I$50*AD_tis!$BG6 -> 0 | ... BC6: =+AD_tis!BC6*AD_tis!BC$50*AD_tis!$BG6 -> 0
A7: T6 | B7: =+AD_tis!B7*AD_tis!B$50*AD_tis!$BG7 -> 0 | C7: =+AD_tis!C7*AD_tis!C$50*AD_tis!$BG7 -> 0 | D7: =+AD_tis!D7*AD_tis!D$50*AD_tis!$BG7 -> 0 | E7: =+AD_tis!E7*AD_tis!E$50*AD_tis!$BG7 -> 0 | F7: =+AD_tis!F7*AD_tis!F$50*AD_tis!$BG7 -> 0 | G7: =+AD_tis!G7*AD_tis!G$50*AD_tis!$BG7 -> 1 | H7: =+AD_tis!H7*AD_tis!H$50*AD_tis!$BG7 -> 1 | I7: =+AD_tis!I7*AD_tis!I$50*AD_tis!$BG7 -> 1 | ... BC7: =+AD_tis!BC7*AD_tis!BC$50*AD_tis!$BG7 -> 0
A8: T7 | B8: =+AD_tis!B8*AD_tis!B$50*AD_tis!$BG8 -> 0 | C8: =+AD_tis!C8*AD_tis!C$50*AD_tis!$BG8 -> 0 | D8: =+AD_tis!D8*AD_tis!D$50*AD_tis!$BG8 -> 0 | E8: =+AD_tis!E8*AD_tis!E$50*AD_tis!$BG8 -> 0 | F8: =+AD_tis!F8*AD_tis!F$50*AD_tis!$BG8 -> 0 | G8: =+AD_tis!G8*AD_tis!G$50*AD_tis!$BG8 -> 0 | H8: =+AD_tis!H8*AD_tis!H$50*AD_tis!$BG8 -> 0 | I8: =+AD_tis!I8*AD_tis!I$50*AD_tis!$BG8 -> 0 | ... BC8: =+AD_tis!BC8*AD_tis!BC$50*AD_tis!$BG8 -> 0
A9: T8 | B9: =+AD_tis!B9*AD_tis!B$50*AD_tis!$BG9 -> 0 | C9: =+AD_tis!C9*AD_tis!C$50*AD_tis!$BG9 -> 0 | D9: =+AD_tis!D9*AD_tis!D$50*AD_tis!$BG9 -> 0 | E9: =+AD_tis!E9*AD_tis!E$50*AD_tis!$BG9 -> 0 | F9: =+AD_tis!F9*AD_tis!F$50*AD_tis!$BG9 -> 0 | G9: =+AD_tis!G9*AD_tis!G$50*AD_tis!$BG9 -> 0 | H9: =+AD_tis!H9*AD_tis!H$50*AD_tis!$BG9 -> 0 | I9: =+AD_tis!I9*AD_tis!I$50*AD_tis!$BG9 -> 0 | ... BC9: =+AD_tis!BC9*AD_tis!BC$50*AD_tis!$BG9 -> 0
A10: T9 | B10: =+AD_tis!B10*AD_tis!B$50*AD_tis!$BG10 -> 0 | C10: =+AD_tis!C10*AD_tis!C$50*AD_tis!$BG10 -> 0 | D10: =+AD_tis!D10*AD_tis!D$50*AD_tis!$BG10 -> 0 | E10: =+AD_tis!E10*AD_tis!E$50*AD_tis!$BG10 -> 0 | F10: =+AD_tis!F10*AD_tis!F$50*AD_tis!$BG10 -> 0 | G10: =+AD_tis!G10*AD_tis!G$50*AD_tis!$BG10 -> 0 | H10: =+AD_tis!H10*AD_tis!H$50*AD_tis!$BG10 -> 0 | I10: =+AD_tis!I10*AD_tis!I$50*AD_tis!$BG10 -> 0 | ... BC10: =+AD_tis!BC10*AD_tis!BC$50*AD_tis!$BG10 -> 0
A11: T10 | B11: =+AD_tis!B11*AD_tis!B$50*AD_tis!$BG11 -> 0 | C11: =+AD_tis!C11*AD_tis!C$50*AD_tis!$BG11 -> 0 | D11: =+AD_tis!D11*AD_tis!D$50*AD_tis!$BG11 -> 0 | E11: =+AD_tis!E11*AD_tis!E$50*AD_tis!$BG11 -> 0 | F11: =+AD_tis!F11*AD_tis!F$50*AD_tis!$BG11 -> 1 | G11: =+AD_tis!G11*AD_tis!G$50*AD_tis!$BG11 -> 1 | H11: =+AD_tis!H11*AD_tis!H$50*AD_tis!$BG11 -> 0 | I11: =+AD_tis!I11*AD_tis!I$50*AD_tis!$BG11 -> 0 | ... BC11: =+AD_tis!BC11*AD_tis!BC$50*AD_tis!$BG11 -> 0
A12: T11 | B12: =+AD_tis!B12*AD_tis!B$50*AD_tis!$BG12 -> 0 | C12: =+AD_tis!C12*AD_tis!C$50*AD_tis!$BG12 -> 0 | D12: =+AD_tis!D12*AD_tis!D$50*AD_tis!$BG12 -> 0 | E12: =+AD_tis!E12*AD_tis!E$50*AD_tis!$BG12 -> 0 | F12: =+AD_tis!F12*AD_tis!F$50*AD_tis!$BG12 -> 0 | G12: =+AD_tis!G12*AD_tis!G$50*AD_tis!$BG12 -> 0 | H12: =+AD_tis!H12*AD_tis!H$50*AD_tis!$BG12 -> 0 | I12: =+AD_tis!I12*AD_tis!I$50*AD_tis!$BG12 -> 0 | ... BC12: =+AD_tis!BC12*AD_tis!BC$50*AD_tis!$BG12 -> 0
A13: T12 | B13: =+AD_tis!B13*AD_tis!B$50*AD_tis!$BG13 -> 0 | C13: =+AD_tis!C13*AD_tis!C$50*AD_tis!$BG13 -> 0 | D13: =+AD_tis!D13*AD_tis!D$50*AD_tis!$BG13 -> 0 | E13: =+AD_tis!E13*AD_tis!E$50*AD_tis!$BG13 -> 0 | F13: =+AD_tis!F13*AD_tis!F$50*AD_tis!$BG13 -> 1 | G13: =+AD_tis!G13*AD_tis!G$50*AD_tis!$BG13 -> 1 | H13: =+AD_tis!H13*AD_tis!H$50*AD_tis!$BG13 -> 0 | I13: =+AD_tis!I13*AD_tis!I$50*AD_tis!$BG13 -> 0 | ... BC13: =+AD_tis!BC13*AD_tis!BC$50*AD_tis!$BG13 -> 0
A14: T13 | B14: =+AD_tis!B14*AD_tis!B$50*AD_tis!$BG14 -> 0 | C14: =+AD_tis!C14*AD_tis!C$50*AD_tis!$BG14 -> 0 | D14: =+AD_tis!D14*AD_tis!D$50*AD_tis!$BG14 -> 0 | E14: =+AD_tis!E14*AD_tis!E$50*AD_tis!$BG14 -> 0 | F14: =+AD_tis!F14*AD_tis!F$50*AD_tis!$BG14 -> 0 | G14: =+AD_tis!G14*AD_tis!G$50*AD_tis!$BG14 -> 0 | H14: =+AD_tis!H14*AD_tis!H$50*AD_tis!$BG14 -> 0 | I14: =+AD_tis!I14*AD_tis!I$50*AD_tis!$BG14 -> 0 | ... BC14: =+AD_tis!BC14*AD_tis!BC$50*AD_tis!$BG14 -> 0
... A46: T45 | B46: =+AD_tis!B46*AD_tis!B$50*AD_tis!$BG46 -> 0 | C46: =+AD_tis!C46*AD_tis!C$50*AD_tis!$BG46 -> 0 | D46: =+AD_tis!D46*AD_tis!D$50*AD_tis!$BG46 -> 0 | E46: =+AD_tis!E46*AD_tis!E$50*AD_tis!$BG46 -> 0 | F46: =+AD_tis!F46*AD_tis!F$50*AD_tis!$BG46 -> 0 | G46: =+AD_tis!G46*AD_tis!G$50*AD_tis!$BG46 -> 0 | H46: =+AD_tis!H46*AD_tis!H$50*AD_tis!$BG46 -> 0 | I46: =+AD_tis!I46*AD_tis!I$50*AD_tis!$BG46 -> 0 | ... BC46: =+AD_tis!BC46*AD_tis!BC$50*AD_tis!$BG46 -> 0

Sheet AD_tis5
B1: O1 | C1: O2 | D1: O3 | E1: O4 | F1: O5 | G1: O6 | H1: O7 | I1: O8 | J1: O9 | K1: O10 | L1: O11 | M1: O12 | N1: O13 | O1: O14 | P1: O15 | Q1: O16 | R1: O17 | S1: OP1 | T1: OP2 | U1: OP3 | V1: OP4 | W1: OP5 | X1: OP6 | Y1: OP7 | Z1: OP8 | AA1: OP9 | AB1: OP10 | AC1: E1 | AD1: E2 | AE1: E3 | AF1: E4 | AG1: E5 | AH1: E6 | AI1: E7 | AJ1: E8 | AK1: E9 | AL1: E10 | AM1: E11 | AN1: C1 | AO1: C2 | AP1: C3 | AQ1: C4 | AR1: C5 | AS1: C6 | AT1: C7 | AU1: C8 | AV1: C9 | AW1: L1 | AX1: L2 | AY1: S1 | AZ1: S2 | BA1: U1 | BB1: U2 | BC1: U3
A2: ="T"&_xlfn.SEQUENCE(36,1,1,1) -> T1 | B2: =+AD_tis!B2*AD_tis!B$51*AD_tis!$BD2 -> 0 | C2: =+AD_tis!C2*AD_tis!C$51*AD_tis!$BD2 -> 0 | D2: =+AD_tis!D2*AD_tis!D$51*AD_tis!$BD2 -> 0 | E2: =+AD_tis!E2*AD_tis!E$51*AD_tis!$BD2 -> 0 | F2: =+AD_tis!F2*AD_tis!F$51*AD_tis!$BD2 -> 0 | G2: =+AD_tis!G2*AD_tis!G$51*AD_tis!$BD2 -> 0 | H2: =+AD_tis!H2*AD_tis!H$51*AD_tis!$BD2 -> 0 | I2: =+AD_tis!I2*AD_tis!I$51*AD_tis!$BD2 -> 0 | ... BC2: =+AD_tis!BC2*AD_tis!BC$51*AD_tis!$BD2 -> 0
A3: T2 | B3: =+AD_tis!B3*AD_tis!B$51*AD_tis!$BD3 -> 0 | C3: =+AD_tis!C3*AD_tis!C$51*AD_tis!$BD3 -> 0 | D3: =+AD_tis!D3*AD_tis!D$51*AD_tis!$BD3 -> 0 | E3: =+AD_tis!E3*AD_tis!E$51*AD_tis!$BD3 -> 0 | F3: =+AD_tis!F3*AD_tis!F$51*AD_tis!$BD3 -> 0 | G3: =+AD_tis!G3*AD_tis!G$51*AD_tis!$BD3 -> 0 | H3: =+AD_tis!H3*AD_tis!H$51*AD_tis!$BD3 -> 0 | I3: =+AD_tis!I3*AD_tis!I$51*AD_tis!$BD3 -> 0 | ... BC3: =+AD_tis!BC3*AD_tis!BC$51*AD_tis!$BD3 -> 0
A4: T3 | B4: =+AD_tis!B4*AD_tis!B$51*AD_tis!$BD4 -> 0 | C4: =+AD_tis!C4*AD_tis!C$51*AD_tis!$BD4 -> 0 | D4: =+AD_tis!D4*AD_tis!D$51*AD_tis!$BD4 -> 0 | E4: =+AD_tis!E4*AD_tis!E$51*AD_tis!$BD4 -> 0 | F4: =+AD_tis!F4*AD_tis!F$51*AD_tis!$BD4 -> 0 | G4: =+AD_tis!G4*AD_tis!G$51*AD_tis!$BD4 -> 0 | H4: =+AD_tis!H4*AD_tis!H$51*AD_tis!$BD4 -> 0 | I4: =+AD_tis!I4*AD_tis!I$51*AD_tis!$BD4 -> 0 | ... BC4: =+AD_tis!BC4*AD_tis!BC$51*AD_tis!$BD4 -> 0
A5: T4 | B5: =+AD_tis!B5*AD_tis!B$51*AD_tis!$BD5 -> 0 | C5: =+AD_tis!C5*AD_tis!C$51*AD_tis!$BD5 -> 0 | D5: =+AD_tis!D5*AD_tis!D$51*AD_tis!$BD5 -> 0 | E5: =+AD_tis!E5*AD_tis!E$51*AD_tis!$BD5 -> 0 | F5: =+AD_tis!F5*AD_tis!F$51*AD_tis!$BD5 -> 0 | G5: =+AD_tis!G5*AD_tis!G$51*AD_tis!$BD5 -> 0 | H5: =+AD_tis!H5*AD_tis!H$51*AD_tis!$BD5 -> 0 | I5: =+AD_tis!I5*AD_tis!I$51*AD_tis!$BD5 -> 0 | ... BC5: =+AD_tis!BC5*AD_tis!BC$51*AD_tis!$BD5 -> 0
A6: T5 | B6: =+AD_tis!B6*AD_tis!B$51*AD_tis!$BD6 -> 0 | C6: =+AD_tis!C6*AD_tis!C$51*AD_tis!$BD6 -> 0 | D6: =+AD_tis!D6*AD_tis!D$51*AD_tis!$BD6 -> 0 | E6: =+AD_tis!E6*AD_tis!E$51*AD_tis!$BD6 -> 0 | F6: =+AD_tis!F6*AD_tis!F$51*AD_tis!$BD6 -> 0 | G6: =+AD_tis!G6*AD_tis!G$51*AD_tis!$BD6 -> 0 | H6: =+AD_tis!H6*AD_tis!H$51*AD_tis!$BD6 -> 0 | I6: =+AD_tis!I6*AD_tis!I$51*AD_tis!$BD6 -> 0 | ... BC6: =+AD_tis!BC6*AD_tis!BC$51*AD_tis!$BD6 -> 0
A7: T6 | B7: =+AD_tis!B7*AD_tis!B$51*AD_tis!$BD7 -> 0 | C7: =+AD_tis!C7*AD_tis!C$51*AD_tis!$BD7 -> 0 | D7: =+AD_tis!D7*AD_tis!D$51*AD_tis!$BD7 -> 0 | E7: =+AD_tis!E7*AD_tis!E$51*AD_tis!$BD7 -> 0 | F7: =+AD_tis!F7*AD_tis!F$51*AD_tis!$BD7 -> 0 | G7: =+AD_tis!G7*AD_tis!G$51*AD_tis!$BD7 -> 0 | H7: =+AD_tis!H7*AD_tis!H$51*AD_tis!$BD7 -> 0 | I7: =+AD_tis!I7*AD_tis!I$51*AD_tis!$BD7 -> 0 | ... BC7: =+AD_tis!BC7*AD_tis!BC$51*AD_tis!$BD7 -> 0
A8: T7 | B8: =+AD_tis!B8*AD_tis!B$51*AD_tis!$BD8 -> 0 | C8: =+AD_tis!C8*AD_tis!C$51*AD_tis!$BD8 -> 0 | D8: =+AD_tis!D8*AD_tis!D$51*AD_tis!$BD8 -> 0 | E8: =+AD_tis!E8*AD_tis!E$51*AD_tis!$BD8 -> 0 | F8: =+AD_tis!F8*AD_tis!F$51*AD_tis!$BD8 -> 0 | G8: =+AD_tis!G8*AD_tis!G$51*AD_tis!$BD8 -> 0 | H8: =+AD_tis!H8*AD_tis!H$51*AD_tis!$BD8 -> 0 | I8: =+AD_tis!I8*AD_tis!I$51*AD_tis!$BD8 -> 0 | ... BC8: =+AD_tis!BC8*AD_tis!BC$51*AD_tis!$BD8 -> 0
A9: T8 | B9: =+AD_tis!B9*AD_tis!B$51*AD_tis!$BD9 -> 0 | C9: =+AD_tis!C9*AD_tis!C$51*AD_tis!$BD9 -> 0 | D9: =+AD_tis!D9*AD_tis!D$51*AD_tis!$BD9 -> 0 | E9: =+AD_tis!E9*AD_tis!E$51*AD_tis!$BD9 -> 0 | F9: =+AD_tis!F9*AD_tis!F$51*AD_tis!$BD9 -> 0 | G9: =+AD_tis!G9*AD_tis!G$51*AD_tis!$BD9 -> 0 | H9: =+AD_tis!H9*AD_tis!H$51*AD_tis!$BD9 -> 0 | I9: =+AD_tis!I9*AD_tis!I$51*AD_tis!$BD9 -> 0 | ... BC9: =+AD_tis!BC9*AD_tis!BC$51*AD_tis!$BD9 -> 0
A10: T9 | B10: =+AD_tis!B10*AD_tis!B$51*AD_tis!$BD10 -> 0 | C10: =+AD_tis!C10*AD_tis!C$51*AD_tis!$BD10 -> 0 | D10: =+AD_tis!D10*AD_tis!D$51*AD_tis!$BD10 -> 0 | E10: =+AD_tis!E10*AD_tis!E$51*AD_tis!$BD10 -> 0 | F10: =+AD_tis!F10*AD_tis!F$51*AD_tis!$BD10 -> 0 | G10: =+AD_tis!G10*AD_tis!G$51*AD_tis!$BD10 -> 0 | H10: =+AD_tis!H10*AD_tis!H$51*AD_tis!$BD10 -> 0 | I10: =+AD_tis!I10*AD_tis!I$51*AD_tis!$BD10 -> 0 | ... BC10: =+AD_tis!BC10*AD_tis!BC$51*AD_tis!$BD10 -> 0
A11: T10 | B11: =+AD_tis!B11*AD_tis!B$51*AD_tis!$BD11 -> 0 | C11: =+AD_tis!C11*AD_tis!C$51*AD_tis!$BD11 -> 0 | D11: =+AD_tis!D11*AD_tis!D$51*AD_tis!$BD11 -> 0 | E11: =+AD_tis!E11*AD_tis!E$51*AD_tis!$BD11 -> 0 | F11: =+AD_tis!F11*AD_tis!F$51*AD_tis!$BD11 -> 0 | G11: =+AD_tis!G11*AD_tis!G$51*AD_tis!$BD11 -> 0 | H11: =+AD_tis!H11*AD_tis!H$51*AD_tis!$BD11 -> 0 | I11: =+AD_tis!I11*AD_tis!I$51*AD_tis!$BD11 -> 0 | ... BC11: =+AD_tis!BC11*AD_tis!BC$51*AD_tis!$BD11 -> 0
A12: T11 | B12: =+AD_tis!B12*AD_tis!B$51*AD_tis!$BD12 -> 0 | C12: =+AD_tis!C12*AD_tis!C$51*AD_tis!$BD12 -> 0 | D12: =+AD_tis!D12*AD_tis!D$51*AD_tis!$BD12 -> 0 | E12: =+AD_tis!E12*AD_tis!E$51*AD_tis!$BD12 -> 0 | F12: =+AD_tis!F12*AD_tis!F$51*AD_tis!$BD12 -> 0 | G12: =+AD_tis!G12*AD_tis!G$51*AD_tis!$BD12 -> 0 | H12: =+AD_tis!H12*AD_tis!H$51*AD_tis!$BD12 -> 0 | I12: =+AD_tis!I12*AD_tis!I$51*AD_tis!$BD12 -> 0 | ... BC12: =+AD_tis!BC12*AD_tis!BC$51*AD_tis!$BD12 -> 0
A13: T12 | B13: =+AD_tis!B13*AD_tis!B$51*AD_tis!$BD13 -> 0 | C13: =+AD_tis!C13*AD_tis!C$51*AD_tis!$BD13 -> 0 | D13: =+AD_tis!D13*AD_tis!D$51*AD_tis!$BD13 -> 0 | E13: =+AD_tis!E13*AD_tis!E$51*AD_tis!$BD13 -> 0 | F13: =+AD_tis!F13*AD_tis!F$51*AD_tis!$BD13 -> 0 | G13: =+AD_tis!G13*AD_tis!G$51*AD_tis!$BD13 -> 0 | H13: =+AD_tis!H13*AD_tis!H$51*AD_tis!$BD13 -> 0 | I13: =+AD_tis!I13*AD_tis!I$51*AD_tis!$BD13 -> 0 | ... BC13: =+AD_tis!BC13*AD_tis!BC$51*AD_tis!$BD13 -> 0
A14: T13 | B14: =+AD_tis!B14*AD_tis!B$51*AD_tis!$BD14 -> 0 | C14: =+AD_tis!C14*AD_tis!C$51*AD_tis!$BD14 -> 0 | D14: =+AD_tis!D14*AD_tis!D$51*AD_tis!$BD14 -> 0 | E14: =+AD_tis!E14*AD_tis!E$51*AD_tis!$BD14 -> 0 | F14: =+AD_tis!F14*AD_tis!F$51*AD_tis!$BD14 -> 0 | G14: =+AD_tis!G14*AD_tis!G$51*AD_tis!$BD14 -> 0 | H14: =+AD_tis!H14*AD_tis!H$51*AD_tis!$BD14 -> 0 | I14: =+AD_tis!I14*AD_tis!I$51*AD_tis!$BD14 -> 0 | ... BC14: =+AD_tis!BC14*AD_tis!BC$51*AD_tis!$BD14 -> 0
... A46: T45 | B46: =+AD_tis!B46*AD_tis!B$51*AD_tis!$BD46 -> 0 | C46: =+AD_tis!C46*AD_tis!C$51*AD_tis!$BD46 -> 0 | D46: =+AD_tis!D46*AD_tis!D$51*AD_tis!$BD46 -> 0 | E46: =+AD_tis!E46*AD_tis!E$51*AD_tis!$BD46 -> 0 | F46: =+AD_tis!F46*AD_tis!F$51*AD_tis!$BD46 -> 0 | G46: =+AD_tis!G46*AD_tis!G$51*AD_tis!$BD46 -> 0 | H46: =+AD_tis!H46*AD_tis!H$51*AD_tis!$BD46 -> 0 | I46: =+AD_tis!I46*AD_tis!I$51*AD_tis!$BD46 -> 0 | ... BC46: =+AD_tis!BC46*AD_tis!BC$51*AD_tis!$BD46 -> 0

Sheet C_ics1
B1: O1 | C1: O2 | D1: O3 | E1: O4 | F1: O5 | G1: O6 | H1: O7 | I1: O8 | J1: O9 | K1: O10 | L1: O11 | M1: O12 | N1: O13 | O1: O14 | P1: O15 | Q1: O16 | R1: O17 | S1: OP1 | T1: OP2 | U1: OP3 | V1: OP4 | W1: OP5 | X1: OP6 | Y1: OP 7 | Z1: OP8 | AA1: OP9 | AB1: OP10 | AC1: E1 | AD1: E2 | AE1: E3 | AF1: E4 | AG1: E5 | AH1: E6 | AI1: E7 | AJ1: E8 | AK1: E9 | AL1: E10 | AM1: E11 | AN1: C1 | AO1: C2 | AP1: C3 | AQ1: C4 | AR1: C5 | AS1: C6 | AT1: C7 | AU1: C8 | AV1: C9 | AW1: L1 | AX1: L2 | AY1: S1 | AZ1: S2 | BA1: E1 | BB1: E2 | BC1: E3
A2: C1 | B2: =+CON_HAB!B2*K_si!B$2 -> 1 | C2: =+CON_HAB!C2*K_si!C$2 -> 1 | D2: =+CON_HAB!D2*K_si!D$2 -> 1 | E2: =+CON_HAB!E2*K_si!E$2 -> 1 | F2: =+CON_HAB!F2*K_si!F$2 -> 0 | G2: =+CON_HAB!G2*K_si!G$2 -> 0 | H2: =+CON_HAB!H2*K_si!H$2 -> 1 | I2: =+CON_HAB!I2*K_si!I$2 -> 1 | ... BC2: =+CON_HAB!BC2*K_si!BC$2 -> 0
A3: C2 | B3: =+CON_HAB!B3*K_si!B$2 -> 1 | C3: =+CON_HAB!C3*K_si!C$2 -> 1 | D3: =+CON_HAB!D3*K_si!D$2 -> 1 | E3: =+CON_HAB!E3*K_si!E$2 -> 1 | F3: =+CON_HAB!F3*K_si!F$2 -> 0 | G3: =+CON_HAB!G3*K_si!G$2 -> 0 | H3: =+CON_HAB!H3*K_si!H$2 -> 1 | I3: =+CON_HAB!I3*K_si!I$2 -> 1 | ... BC3: =+CON_HAB!BC3*K_si!BC$2 -> 0
A4: C3 | B4: =+CON_HAB!B4*K_si!B$2 -> 1 | C4: =+CON_HAB!C4*K_si!C$2 -> 1 | D4: =+CON_HAB!D4*K_si!D$2 -> 1 | E4: =+CON_HAB!E4*K_si!E$2 -> 1 | F4: =+CON_HAB!F4*K_si!F$2 -> 0 | G4: =+CON_HAB!G4*K_si!G$2 -> 0 | H4: =+CON_HAB!H4*K_si!H$2 -> 1 | I4: =+CON_HAB!I4*K_si!I$2 -> 1 | ... BC4: =+CON_HAB!BC4*K_si!BC$2 -> 0
A5: C4 | B5: =+CON_HAB!B5*K_si!B$2 -> 0 | C5: =+CON_HAB!C5*K_si!C$2 -> 0 | D5: =+CON_HAB!D5*K_si!D$2 -> 0 | E5: =+CON_HAB!E5*K_si!E$2 -> 0 | F5: =+CON_HAB!F5*K_si!F$2 -> 0 | G5: =+CON_HAB!G5*K_si!G$2 -> 0 | H5: =+CON_HAB!H5*K_si!H$2 -> 0 | I5: =+CON_HAB!I5*K_si!I$2 -> 0 | ... BC5: =+CON_HAB!BC5*K_si!BC$2 -> 0
A6: C5 | B6: =+CON_HAB!B6*K_si!B$2 -> 1 | C6: =+CON_HAB!C6*K_si!C$2 -> 1 | D6: =+CON_HAB!D6*K_si!D$2 -> 1 | E6: =+CON_HAB!E6*K_si!E$2 -> 1 | F6: =+CON_HAB!F6*K_si!F$2 -> 0 | G6: =+CON_HAB!G6*K_si!G$2 -> 0 | H6: =+CON_HAB!H6*K_si!H$2 -> 1 | I6: =+CON_HAB!I6*K_si!I$2 -> 1 | ... BC6: =+CON_HAB!BC6*K_si!BC$2 -> 0
A7: C6 | B7: =+CON_HAB!B7*K_si!B$2 -> 0 | C7: =+CON_HAB!C7*K_si!C$2 -> 0 | D7: =+CON_HAB!D7*K_si!D$2 -> 0 | E7: =+CON_HAB!E7*K_si!E$2 -> 0 | F7: =+CON_HAB!F7*K_si!F$2 -> 0 | G7: =+CON_HAB!G7*K_si!G$2 -> 0 | H7: =+CON_HAB!H7*K_si!H$2 -> 0 | I7: =+CON_HAB!I7*K_si!I$2 -> 0 | ... BC7: =+CON_HAB!BC7*K_si!BC$2 -> 0
A8: C7 | B8: =+CON_HAB!B8*K_si!B$2 -> 0 | C8: =+CON_HAB!C8*K_si!C$2 -> 0 | D8: =+CON_HAB!D8*K_si!D$2 -> 0 | E8: =+CON_HAB!E8*K_si!E$2 -> 0 | F8: =+CON_HAB!F8*K_si!F$2 -> 0 | G8: =+CON_HAB!G8*K_si!G$2 -> 0 | H8: =+CON_HAB!H8*K_si!H$2 -> 0 | I8: =+CON_HAB!I8*K_si!I$2 -> 0 | ... BC8: =+CON_HAB!BC8*K_si!BC$2 -> 0
A9: C8 | B9: =+CON_HAB!B9*K_si!B$2 -> 1 | C9: =+CON_HAB!C9*K_si!C$2 -> 1 | D9: =+CON_HAB!D9*K_si!D$2 -> 1 | E9: =+CON_HAB!E9*K_si!E$2 -> 1 | F9: =+CON_HAB!F9*K_si!F$2 -> 0 | G9: =+CON_HAB!G9*K_si!G$2 -> 0 | H9: =+CON_HAB!H9*K_si!H$2 -> 1 | I9: =+CON_HAB!I9*K_si!I$2 -> 1 | ... BC9: =+CON_HAB!BC9*K_si!BC$2 -> 0
A10: C9 | B10: =+CON_HAB!B10*K_si!B$2 -> 0 | C10: =+CON_HAB!C10*K_si!C$2 -> 0 | D10: =+CON_HAB!D10*K_si!D$2 -> 0 | E10: =+CON_HAB!E10*K_si!E$2 -> 0 | F10: =+CON_HAB!F10*K_si!F$2 -> 0 | G10: =+CON_HAB!G10*K_si!G$2 -> 0 | H10: =+CON_HAB!H10*K_si!H$2 -> 0 | I10: =+CON_HAB!I10*K_si!I$2 -> 0 | ... BC10: =+CON_HAB!BC10*K_si!BC$2 -> 0
A11: C10 | B11: =+CON_HAB!B11*K_si!B$2 -> 0 | C11: =+CON_HAB!C11*K_si!C$2 -> 0 | D11: =+CON_HAB!D11*K_si!D$2 -> 0 | E11: =+CON_HAB!E11*K_si!E$2 -> 0 | F11: =+CON_HAB!F11*K_si!F$2 -> 0 | G11: =+CON_HAB!G11*K_si!G$2 -> 0 | H11: =+CON_HAB!H11*K_si!H$2 -> 0 | I11: =+CON_HAB!I11*K_si!I$2 -> 0 | ... BC11: =+CON_HAB!BC11*K_si!BC$2 -> 0
A12: C11 | B12: =+CON_HAB!B12*K_si!B$2 -> 0 | C12: =+CON_HAB!C12*K_si!C$2 -> 0 | D12: =+CON_HAB!D12*K_si!D$2 -> 0 | E12: =+CON_HAB!E12*K_si!E$2 -> 0 | F12: =+CON_HAB!F12*K_si!F$2 -> 0 | G12: =+CON_HAB!G12*K_si!G$2 -> 0 | H12: =+CON_HAB!H12*K_si!H$2 -> 0 | I12: =+CON_HAB!I12*K_si!I$2 -> 0 | ... BC12: =+CON_HAB!BC12*K_si!BC$2 -> 0
A13: C12 | B13: =+CON_HAB!B13*K_si!B$2 -> 0 | C13: =+CON_HAB!C13*K_si!C$2 -> 0 | D13: =+CON_HAB!D13*K_si!D$2 -> 0 | E13: =+CON_HAB!E13*K_si!E$2 -> 0 | F13: =+CON_HAB!F13*K_si!F$2 -> 0 | G13: =+CON_HAB!G13*K_si!G$2 -> 0 | H13: =+CON_HAB!H13*K_si!H$2 -> 0 | I13: =+CON_HAB!I13*K_si!I$2 -> 0 | ... BC13: =+CON_HAB!BC13*K_si!BC$2 -> 0

Sheet C_ics2
B1: O1 | C1: O2 | D1: O3 | E1: O4 | F1: O5 | G1: O6 | H1: O7 | I1: O8 | J1: O9 | K1: O10 | L1: O11 | M1: O12 | N1: O13 | O1: O14 | P1: O15 | Q1: O16 | R1: O17 | S1: OP1 | T1: OP2 | U1: OP3 | V1: OP4 | W1: OP5 | X1: OP6 | Y1: OP 7 | Z1: OP8 | AA1: OP9 | AB1: OP10 | AC1: E1 | AD1: E2 | AE1: E3 | AF1: E4 | AG1: E5 | AH1: E6 | AI1: E7 | AJ1: E8 | AK1: E9 | AL1: E10 | AM1: E11 | AN1: C1 | AO1: C2 | AP1: C3 | AQ1: C4 | AR1: C5 | AS1: C6 | AT1: C7 | AU1: C8 | AV1: C9 | AW1: L1 | AX1: L2 | AY1: S1 | AZ1: S2 | BA1: E1 | BB1: E2 | BC1: E3
A2: C1 | B2: =+CON_HAB!B17*K_si!B$3 -> 0 | C2: =+CON_HAB!C17*K_si!C$3 -> 0 | D2: =+CON_HAB!D17*K_si!D$3 -> 0 | E2: =+CON_HAB!E17*K_si!E$3 -> 0 | F2: =+CON_HAB!F17*K_si!F$3 -> 0 | G2: =+CON_HAB!G17*K_si!G$3 -> 1 | H2: =+CON_HAB!H17*K_si!H$3 -> 0 | I2: =+CON_HAB!I17*K_si!I$3 -> 0 | ... BC2: =+CON_HAB!BC17*K_si!BC$3 -> 0
A3: C2 | B3: =+CON_HAB!B18*K_si!B$3 -> 0 | C3: =+CON_HAB!C18*K_si!C$3 -> 0 | D3: =+CON_HAB!D18*K_si!D$3 -> 0 | E3: =+CON_HAB!E18*K_si!E$3 -> 0 | F3: =+CON_HAB!F18*K_si!F$3 -> 0 | G3: =+CON_HAB!G18*K_si!G$3 -> 1 | H3: =+CON_HAB!H18*K_si!H$3 -> 0 | I3: =+CON_HAB!I18*K_si!I$3 -> 0 | ... BC3: =+CON_HAB!BC18*K_si!BC$3 -> 0
A4: C3 | B4: =+CON_HAB!B19*K_si!B$3 -> 0 | C4: =+CON_HAB!C19*K_si!C$3 -> 0 | D4: =+CON_HAB!D19*K_si!D$3 -> 0 | E4: =+CON_HAB!E19*K_si!E$3 -> 0 | F4: =+CON_HAB!F19*K_si!F$3 -> 0 | G4: =+CON_HAB!G19*K_si!G$3 -> 1 | H4: =+CON_HAB!H19*K_si!H$3 -> 0 | I4: =+CON_HAB!I19*K_si!I$3 -> 0 | ... BC4: =+CON_HAB!BC19*K_si!BC$3 -> 0
A5: C4 | B5: =+CON_HAB!B20*K_si!B$3 -> 0 | C5: =+CON_HAB!C20*K_si!C$3 -> 0 | D5: =+CON_HAB!D20*K_si!D$3 -> 0 | E5: =+CON_HAB!E20*K_si!E$3 -> 0 | F5: =+CON_HAB!F20*K_si!F$3 -> 0 | G5: =+CON_HAB!G20*K_si!G$3 -> 1 | H5: =+CON_HAB!H20*K_si!H$3 -> 0 | I5: =+CON_HAB!I20*K_si!I$3 -> 0 | ... BC5: =+CON_HAB!BC20*K_si!BC$3 -> 0
A6: C5 | B6: =+CON_HAB!B21*K_si!B$3 -> 0 | C6: =+CON_HAB!C21*K_si!C$3 -> 0 | D6: =+CON_HAB!D21*K_si!D$3 -> 0 | E6: =+CON_HAB!E21*K_si!E$3 -> 0 | F6: =+CON_HAB!F21*K_si!F$3 -> 0 | G6: =+CON_HAB!G21*K_si!G$3 -> 1 | H6: =+CON_HAB!H21*K_si!H$3 -> 0 | I6: =+CON_HAB!I21*K_si!I$3 -> 0 | ... BC6: =+CON_HAB!BC21*K_si!BC$3 -> 0
A7: C6 | B7: =+CON_HAB!B22*K_si!B$3 -> 0 | C7: =+CON_HAB!C22*K_si!C$3 -> 0 | D7: =+CON_HAB!D22*K_si!D$3 -> 0 | E7: =+CON_HAB!E22*K_si!E$3 -> 0 | F7: =+CON_HAB!F22*K_si!F$3 -> 1 | G7: =+CON_HAB!G22*K_si!G$3 -> 1 | H7: =+CON_HAB!H22*K_si!H$3 -> 0 | I7: =+CON_HAB!I22*K_si!I$3 -> 0 | ... BC7: =+CON_HAB!BC22*K_si!BC$3 -> 0
A8: C7 | B8: =+CON_HAB!B23*K_si!B$3 -> 0 | C8: =+CON_HAB!C23*K_si!C$3 -> 0 | D8: =+CON_HAB!D23*K_si!D$3 -> 0 | E8: =+CON_HAB!E23*K_si!E$3 -> 0 | F8: =+CON_HAB!F23*K_si!F$3 -> 0 | G8: =+CON_HAB!G23*K_si!G$3 -> 0 | H8: =+CON_HAB!H23*K_si!H$3 -> 0 | I8: =+CON_HAB!I23*K_si!I$3 -> 0 | ... BC8: =+CON_HAB!BC23*K_si!BC$3 -> 0
A9: C8 | B9: =+CON_HAB!B24*K_si!B$3 -> 0 | C9: =+CON_HAB!C24*K_si!C$3 -> 0 | D9: =+CON_HAB!D24*K_si!D$3 -> 0 | E9: =+CON_HAB!E24*K_si!E$3 -> 0 | F9: =+CON_HAB!F24*K_si!F$3 -> 0 | G9: =+CON_HAB!G24*K_si!G$3 -> 0 | H9: =+CON_HAB!H24*K_si!H$3 -> 0 | I9: =+CON_HAB!I24*K_si!I$3 -> 0 | ... BC9: =+CON_HAB!BC24*K_si!BC$3 -> 0
A10: C9 | B10: =+CON_HAB!B25*K_si!B$3 -> 0 | C10: =+CON_HAB!C25*K_si!C$3 -> 0 | D10: =+CON_HAB!D25*K_si!D$3 -> 0 | E10: =+CON_HAB!E25*K_si!E$3 -> 0 | F10: =+CON_HAB!F25*K_si!F$3 -> 0 | G10: =+CON_HAB!G25*K_si!G$3 -> 0 | H10: =+CON_HAB!H25*K_si!H$3 -> 0 | I10: =+CON_HAB!I25*K_si!I$3 -> 0 | ... BC10: =+CON_HAB!BC25*K_si!BC$3 -> 0
A11: C10 | B11: =+CON_HAB!B26*K_si!B$3 -> 0 | C11: =+CON_HAB!C26*K_si!C$3 -> 0 | D11: =+CON_HAB!D26*K_si!D$3 -> 0 | E11: =+CON_HAB!E26*K_si!E$3 -> 0 | F11: =+CON_HAB!F26*K_si!F$3 -> 0 | G11: =+CON_HAB!G26*K_si!G$3 -> 0 | H11: =+CON_HAB!H26*K_si!H$3 -> 0 | I11: =+CON_HAB!I26*K_si!I$3 -> 0 | ... BC11: =+CON_HAB!BC26*K_si!BC$3 -> 0
A12: C11 | B12: =+CON_HAB!B27*K_si!B$3 -> 0 | C12: =+CON_HAB!C27*K_si!C$3 -> 0 | D12: =+CON_HAB!D27*K_si!D$3 -> 0 | E12: =+CON_HAB!E27*K_si!E$3 -> 0 | F12: =+CON_HAB!F27*K_si!F$3 -> 0 | G12: =+CON_HAB!G27*K_si!G$3 -> 0 | H12: =+CON_HAB!H27*K_si!H$3 -> 0 | I12: =+CON_HAB!I27*K_si!I$3 -> 0 | ... BC12: =+CON_HAB!BC27*K_si!BC$3 -> 0
A13: C12 | B13: =+CON_HAB!B28*K_si!B$3 -> 0 | C13: =+CON_HAB!C28*K_si!C$3 -> 0 | D13: =+CON_HAB!D28*K_si!D$3 -> 0 | E13: =+CON_HAB!E28*K_si!E$3 -> 0 | F13: =+CON_HAB!F28*K_si!F$3 -> 0 | G13: =+CON_HAB!G28*K_si!G$3 -> 0 | H13: =+CON_HAB!H28*K_si!H$3 -> 0 | I13: =+CON_HAB!I28*K_si!I$3 -> 0 | ... BC13: =+CON_HAB!BC28*K_si!BC$3 -> 0

Sheet C_ics3
B1: O1 | C1: O2 | D1: O3 | E1: O4 | F1: O5 | G1: O6 | H1: O7 | I1: O8 | J1: O9 | K1: O10 | L1: O11 | M1: O12 | N1: O13 | O1: O14 | P1: O15 | Q1: O16 | R1: O17 | S1: OP1 | T1: OP2 | U1: OP3 | V1: OP4 | W1: OP5 | X1: OP6 | Y1: OP 7 | Z1: OP8 | AA1: OP9 | AB1: OP10 | AC1: E1 | AD1: E2 | AE1: E3 | AF1: E4 | AG1: E5 | AH1: E6 | AI1: E7 | AJ1: E8 | AK1: E9 | AL1: E10 | AM1: E11 | AN1: C1 | AO1: C2 | AP1: C3 | AQ1: C4 | AR1: C5 | AS1: C6 | AT1: C7 | AU1: C8 | AV1: C9 | AW1: L1 | AX1: L2 | AY1: S1 | AZ1: S2 | BA1: E1 | BB1: E2 | BC1: E3
A2: C1 | B2: =+K_si!B4*CON_HAB!B$32 -> 0 | C2: =+K_si!C4*CON_HAB!C$32 -> 0 | D2: =+K_si!D4*CON_HAB!D$32 -> 0 | E2: =+K_si!E4*CON_HAB!E$32 -> 0 | F2: =+K_si!F4*CON_HAB!F$32 -> 0 | G2: =+K_si!G4*CON_HAB!G$32 -> 1 | H2: =+K_si!H4*CON_HAB!H$32 -> 0 | I2: =+K_si!I4*CON_HAB!I$32 -> 0 | ... BC2: =+K_si!BC4*CON_HAB!BC$32 -> 0
A3: C2 | B3: =+K_si!B5*CON_HAB!B$32 -> 0 | C3: =+K_si!C5*CON_HAB!C$32 -> 0 | D3: =+K_si!D5*CON_HAB!D$32 -> 0 | E3: =+K_si!E5*CON_HAB!E$32 -> 0 | F3: =+K_si!F5*CON_HAB!F$32 -> 0 | G3: =+K_si!G5*CON_HAB!G$32 -> 1 | H3: =+K_si!H5*CON_HAB!H$32 -> 0 | I3: =+K_si!I5*CON_HAB!I$32 -> 0 | ... BC3: =+K_si!BC5*CON_HAB!BC$32 -> 0
A4: C3 | B4: =+K_si!B6*CON_HAB!B$32 -> 0 | C4: =+K_si!C6*CON_HAB!C$32 -> 0 | D4: =+K_si!D6*CON_HAB!D$32 -> 0 | E4: =+K_si!E6*CON_HAB!E$32 -> 0 | F4: =+K_si!F6*CON_HAB!F$32 -> 0 | G4: =+K_si!G6*CON_HAB!G$32 -> 0 | H4: =+K_si!H6*CON_HAB!H$32 -> 0 | I4: =+K_si!I6*CON_HAB!I$32 -> 0 | ... BC4: =+K_si!BC6*CON_HAB!BC$32 -> 0
A5: C4 | B5: =+K_si!B7*CON_HAB!B$32 -> 0 | C5: =+K_si!C7*CON_HAB!C$32 -> 0 | D5: =+K_si!D7*CON_HAB!D$32 -> 0 | E5: =+K_si!E7*CON_HAB!E$32 -> 0 | F5: =+K_si!F7*CON_HAB!F$32 -> 0 | G5: =+K_si!G7*CON_HAB!G$32 -> 0 | H5: =+K_si!H7*CON_HAB!H$32 -> 0 | I5: =+K_si!I7*CON_HAB!I$32 -> 0 | ... BC5: =+K_si!BC7*CON_HAB!BC$32 -> 0
A6: C5 | B6: =+K_si!B8*CON_HAB!B$32 -> 0 | C6: =+K_si!C8*CON_HAB!C$32 -> 0 | D6: =+K_si!D8*CON_HAB!D$32 -> 0 | E6: =+K_si!E8*CON_HAB!E$32 -> 0 | F6: =+K_si!F8*CON_HAB!F$32 -> 0 | G6: =+K_si!G8*CON_HAB!G$32 -> 0 | H6: =+K_si!H8*CON_HAB!H$32 -> 0 | I6: =+K_si!I8*CON_HAB!I$32 -> 0 | ... BC6: =+K_si!BC8*CON_HAB!BC$32 -> 0
A7: C6 | B7: =+K_si!B9*CON_HAB!B$32 -> 0 | C7: =+K_si!C9*CON_HAB!C$32 -> 0 | D7: =+K_si!D9*CON_HAB!D$32 -> 0 | E7: =+K_si!E9*CON_HAB!E$32 -> 0 | F7: =+K_si!F9*CON_HAB!F$32 -> 0 | G7: =+K_si!G9*CON_HAB!G$32 -> 0 | H7: =+K_si!H9*CON_HAB!H$32 -> 0 | I7: =+K_si!I9*CON_HAB!I$32 -> 0 | ... BC7: =+K_si!BC9*CON_HAB!BC$32 -> 0
A8: C7 | B8: =+K_si!B10*CON_HAB!B$32 -> 0 | C8: =+K_si!C10*CON_HAB!C$32 -> 0 | D8: =+K_si!D10*CON_HAB!D$32 -> 0 | E8: =+K_si!E10*CON_HAB!E$32 -> 0 | F8: =+K_si!F10*CON_HAB!F$32 -> 0 | G8: =+K_si!G10*CON_HAB!G$32 -> 0 | H8: =+K_si!H10*CON_HAB!H$32 -> 0 | I8: =+K_si!I10*CON_HAB!I$32 -> 0 | ... BC8: =+K_si!BC10*CON_HAB!BC$32 -> 0
A9: C8 | B9: =+K_si!B11*CON_HAB!B$32 -> 0 | C9: =+K_si!C11*CON_HAB!C$32 -> 0 | D9: =+K_si!D11*CON_HAB!D$32 -> 0 | E9: =+K_si!E11*CON_HAB!E$32 -> 0 | F9: =+K_si!F11*CON_HAB!F$32 -> 0 | G9: =+K_si!G11*CON_HAB!G$32 -> 0 | H9: =+K_si!H11*CON_HAB!H$32 -> 0 | I9: =+K_si!I11*CON_HAB!I$32 -> 0 | ... BC9: =+K_si!BC11*CON_HAB!BC$32 -> 0
A10: C9 | B10: =+K_si!B12*CON_HAB!B$32 -> 0 | C10: =+K_si!C12*CON_HAB!C$32 -> 0 | D10: =+K_si!D12*CON_HAB!D$32 -> 0 | E10: =+K_si!E12*CON_HAB!E$32 -> 0 | F10: =+K_si!F12*CON_HAB!F$32 -> 0 | G10: =+K_si!G12*CON_HAB!G$32 -> 0 | H10: =+K_si!H12*CON_HAB!H$32 -> 0 | I10: =+K_si!I12*CON_HAB!I$32 -> 0 | ... BC10: =+K_si!BC12*CON_HAB!BC$32 -> 0
A11: C10 | B11: =+K_si!B13*CON_HAB!B$32 -> 0 | C11: =+K_si!C13*CON_HAB!C$32 -> 0 | D11: =+K_si!D13*CON_HAB!D$32 -> 0 | E11: =+K_si!E13*CON_HAB!E$32 -> 0 | F11: =+K_si!F13*CON_HAB!F$32 -> 0 | G11: =+K_si!G13*CON_HAB!G$32 -> 0 | H11: =+K_si!H13*CON_HAB!H$32 -> 0 | I11: =+K_si!I13*CON_HAB!I$32 -> 0 | ... BC11: =+K_si!BC13*CON_HAB!BC$32 -> 0
A12: C11 | B12: =+K_si!B14*CON_HAB!B$32 -> 0 | C12: =+K_si!C14*CON_HAB!C$32 -> 0 | D12: =+K_si!D14*CON_HAB!D$32 -> 0 | E12: =+K_si!E14*CON_HAB!E$32 -> 0 | F12: =+K_si!F14*CON_HAB!F$32 -> 0 | G12: =+K_si!G14*CON_HAB!G$32 -> 0 | H12: =+K_si!H14*CON_HAB!H$32 -> 0 | I12: =+K_si!I14*CON_HAB!I$32 -> 0 | ... BC12: =+K_si!BC14*CON_HAB!BC$32 -> 0
A13: C12 | B13: =+K_si!B15*CON_HAB!B$32 -> 0 | C13: =+K_si!C15*CON_HAB!C$32 -> 0 | D13: =+K_si!D15*CON_HAB!D$32 -> 0 | E13: =+K_si!E15*CON_HAB!E$32 -> 0 | F13: =+K_si!F15*CON_HAB!F$32 -> 0 | G13: =+K_si!G15*CON_HAB!G$32 -> 0 | H13: =+K_si!H15*CON_HAB!H$32 -> 0 | I13: =+K_si!I15*CON_HAB!I$32 -> 0 | ... BC13: =+K_si!BC15*CON_HAB!BC$32 -> 0

Sheet C_ics4
B1: O1 | C1: O2 | D1: O3 | E1: O4 | F1: O5 | G1: O6 | H1: O7 | I1: O8 | J1: O9 | K1: O10 | L1: O11 | M1: O12 | N1: O13 | O1: O14 | P1: O15 | Q1: O16 | R1: O17 | S1: OP1 | T1: OP2 | U1: OP3 | V1: OP4 | W1: OP5 | X1: OP6 | Y1: OP 7 | Z1: OP8 | AA1: OP9 | AB1: OP10 | AC1: E1 | AD1: E2 | AE1: E3 | AF1: E4 | AG1: E5 | AH1: E6 | AI1: E7 | AJ1: E8 | AK1: E9 | AL1: E10 | AM1: E11 | AN1: C1 | AO1: C2 | AP1: C3 | AQ1: C4 | AR1: C5 | AS1: C6 | AT1: C7 | AU1: C8 | AV1: C9 | AW1: L1 | AX1: L2 | AY1: S1 | AZ1: S2 | BA1: E1 | BB1: E2 | BC1: E3
A2: C1 | B2: =+CON_HAB!B47*K_si!B$5 -> 0 | C2: =+CON_HAB!C47*K_si!C$5 -> 0 | D2: =+CON_HAB!D47*K_si!D$5 -> 1 | E2: =+CON_HAB!E47*K_si!E$5 -> 1 | F2: =+CON_HAB!F47*K_si!F$5 -> 1 | G2: =+CON_HAB!G47*K_si!G$5 -> 1 | H2: =+CON_HAB!H47*K_si!H$5 -> 1 | I2: =+CON_HAB!I47*K_si!I$5 -> 1 | ... BC2: =+CON_HAB!BC47*K_si!BC$5 -> 0
A3: C2 | B3: =+CON_HAB!B48*K_si!B$5 -> 0 | C3: =+CON_HAB!C48*K_si!C$5 -> 0 | D3: =+CON_HAB!D48*K_si!D$5 -> 0 | E3: =+CON_HAB!E48*K_si!E$5 -> 0 | F3: =+CON_HAB!F48*K_si!F$5 -> 0 | G3: =+CON_HAB!G48*K_si!G$5 -> 1 | H3: =+CON_HAB!H48*K_si!H$5 -> 0 | I3: =+CON_HAB!I48*K_si!I$5 -> 0 | ... BC3: =+CON_HAB!BC48*K_si!BC$5 -> 0
A4: C3 | B4: =+CON_HAB!B49*K_si!B$5 -> 0 | C4: =+CON_HAB!C49*K_si!C$5 -> 0 | D4: =+CON_HAB!D49*K_si!D$5 -> 0 | E4: =+CON_HAB!E49*K_si!E$5 -> 0 | F4: =+CON_HAB!F49*K_si!F$5 -> 0 | G4: =+CON_HAB!G49*K_si!G$5 -> 0 | H4: =+CON_HAB!H49*K_si!H$5 -> 0 | I4: =+CON_HAB!I49*K_si!I$5 -> 0 | ... BC4: =+CON_HAB!BC49*K_si!BC$5 -> 0
A5: C4 | B5: =+CON_HAB!B50*K_si!B$5 -> 0 | C5: =+CON_HAB!C50*K_si!C$5 -> 0 | D5: =+CON_HAB!D50*K_si!D$5 -> 0 | E5: =+CON_HAB!E50*K_si!E$5 -> 0 | F5: =+CON_HAB!F50*K_si!F$5 -> 0 | G5: =+CON_HAB!G50*K_si!G$5 -> 0 | H5: =+CON_HAB!H50*K_si!H$5 -> 0 | I5: =+CON_HAB!I50*K_si!I$5 -> 0 | ... BC5: =+CON_HAB!BC50*K_si!BC$5 -> 0
A6: C5 | B6: =+CON_HAB!B51*K_si!B$5 -> 0 | C6: =+CON_HAB!C51*K_si!C$5 -> 0 | D6: =+CON_HAB!D51*K_si!D$5 -> 0 | E6: =+CON_HAB!E51*K_si!E$5 -> 0 | F6: =+CON_HAB!F51*K_si!F$5 -> 0 | G6: =+CON_HAB!G51*K_si!G$5 -> 0 | H6: =+CON_HAB!H51*K_si!H$5 -> 0 | I6: =+CON_HAB!I51*K_si!I$5 -> 0 | ... BC6: =+CON_HAB!BC51*K_si!BC$5 -> 0
A7: C6 | B7: =+CON_HAB!B52*K_si!B$5 -> 0 | C7: =+CON_HAB!C52*K_si!C$5 -> 0 | D7: =+CON_HAB!D52*K_si!D$5 -> 0 | E7: =+CON_HAB!E52*K_si!E$5 -> 0 | F7: =+CON_HAB!F52*K_si!F$5 -> 0 | G7: =+CON_HAB!G52*K_si!G$5 -> 0 | H7: =+CON_HAB!H52*K_si!H$5 -> 0 | I7: =+CON_HAB!I52*K_si!I$5 -> 0 | ... BC7: =+CON_HAB!BC52*K_si!BC$5 -> 0
A8: C7 | B8: =+CON_HAB!B53*K_si!B$5 -> 0 | C8: =+CON_HAB!C53*K_si!C$5 -> 0 | D8: =+CON_HAB!D53*K_si!D$5 -> 0 | E8: =+CON_HAB!E53*K_si!E$5 -> 0 | F8: =+CON_HAB!F53*K_si!F$5 -> 0 | G8: =+CON_HAB!G53*K_si!G$5 -> 0 | H8: =+CON_HAB!H53*K_si!H$5 -> 0 | I8: =+CON_HAB!I53*K_si!I$5 -> 0 | ... BC8: =+CON_HAB!BC53*K_si!BC$5 -> 0
A9: C8 | B9: =+CON_HAB!B54*K_si!B$5 -> 0 | C9: =+CON_HAB!C54*K_si!C$5 -> 0 | D9: =+CON_HAB!D54*K_si!D$5 -> 0 | E9: =+CON_HAB!E54*K_si!E$5 -> 0 | F9: =+CON_HAB!F54*K_si!F$5 -> 0 | G9: =+CON_HAB!G54*K_si!G$5 -> 0 | H9: =+CON_HAB!H54*K_si!H$5 -> 0 | I9: =+CON_HAB!I54*K_si!I$5 -> 0 | ... BC9: =+CON_HAB!BC54*K_si!BC$5 -> 0
A10: C9 | B10: =+CON_HAB!B55*K_si!B$5 -> 0 | C10: =+CON_HAB!C55*K_si!C$5 -> 0 | D10: =+CON_HAB!D55*K_si!D$5 -> 0 | E10: =+CON_HAB!E55*K_si!E$5 -> 0 | F10: =+CON_HAB!F55*K_si!F$5 -> 0 | G10: =+CON_HAB!G55*K_si!G$5 -> 0 | H10: =+CON_HAB!H55*K_si!H$5 -> 0 | I10: =+CON_HAB!I55*K_si!I$5 -> 0 | ... BC10: =+CON_HAB!BC55*K_si!BC$5 -> 0
A11: C10 | B11: =+CON_HAB!B56*K_si!B$5 -> 0 | C11: =+CON_HAB!C56*K_si!C$5 -> 0 | D11: =+CON_HAB!D56*K_si!D$5 -> 0 | E11: =+CON_HAB!E56*K_si!E$5 -> 0 | F11: =+CON_HAB!F56*K_si!F$5 -> 0 | G11: =+CON_HAB!G56*K_si!G$5 -> 0 | H11: =+CON_HAB!H56*K_si!H$5 -> 0 | I11: =+CON_HAB!I56*K_si!I$5 -> 0 | ... BC11: =+CON_HAB!BC56*K_si!BC$5 -> 0
A12: C11 | B12: =+CON_HAB!B57*K_si!B$5 -> 0 | C12: =+CON_HAB!C57*K_si!C$5 -> 0 | D12: =+CON_HAB!D57*K_si!D$5 -> 0 | E12: =+CON_HAB!E57*K_si!E$5 -> 0 | F12: =+CON_HAB!F57*K_si!F$5 -> 0 | G12: =+CON_HAB!G57*K_si!G$5 -> 0 | H12: =+CON_HAB!H57*K_si!H$5 -> 0 | I12: =+CON_HAB!I57*K_si!I$5 -> 0 | ... BC12: =+CON_HAB!BC57*K_si!BC$5 -> 0
A13: C12 | B13: =+CON_HAB!B58*K_si!B$5 -> 0 | C13: =+CON_HAB!C58*K_si!C$5 -> 0 | D13: =+CON_HAB!D58*K_si!D$5 -> 0 | E13: =+CON_HAB!E58*K_si!E$5 -> 0 | F13: =+CON_HAB!F58*K_si!F$5 -> 0 | G13: =+CON_HAB!G58*K_si!G$5 -> 0 | H13: =+CON_HAB!H58*K_si!H$5 -> 0 | I13: =+CON_HAB!I58*K_si!I$5 -> 0 | ... BC13: =+CON_HAB!BC58*K_si!BC$5 -> 0

Sheet C_ics5
B1: O1 | C1: O2 | D1: O3 | E1: O4 | F1: O5 | G1: O6 | H1: O7 | I1: O8 | J1: O9 | K1: O10 | L1: O11 | M1: O12 | N1: O13 | O1: O14 | P1: O15 | Q1: O16 | R1: O17 | S1: OP1 | T1: OP2 | U1: OP3 | V1: OP4 | W1: OP5 | X1: OP6 | Y1: OP 7 | Z1: OP8 | AA1: OP9 | AB1: OP10 | AC1: E1 | AD1: E2 | AE1: E3 | AF1: E4 | AG1: E5 | AH1: E6 | AI1: E7 | AJ1: E8 | AK1: E9 | AL1: E10 | AM1: E11 | AN1: C1 | AO1: C2 | AP1: C3 | AQ1: C4 | AR1: C5 | AS1: C6 | AT1: C7 | AU1: C8 | AV1: C9 | AW1: L1 | AX1: L2 | AY1: S1 | AZ1: S2 | BA1: E1 | BB1: E2 | BC1: E3
A2: C1 | B2: =+CON_HAB!B62*K_si!B$6 -> 0 | C2: =+CON_HAB!C62*K_si!C$6 -> 0 | D2: =+CON_HAB!D62*K_si!D$6 -> 0 | E2: =+CON_HAB!E62*K_si!E$6 -> 0 | F2: =+CON_HAB!F62*K_si!F$6 -> 0 | G2: =+CON_HAB!G62*K_si!G$6 -> 0 | H2: =+CON_HAB!H62*K_si!H$6 -> 0 | I2: =+CON_HAB!I62*K_si!I$6 -> 0 | ... BC2: =+CON_HAB!BC62*K_si!BC$6 -> 1
A3: C2 | B3: =+CON_HAB!B63*K_si!B$6 -> 0 | C3: =+CON_HAB!C63*K_si!C$6 -> 0 | D3: =+CON_HAB!D63*K_si!D$6 -> 0 | E3: =+CON_HAB!E63*K_si!E$6 -> 0 | F3: =+CON_HAB!F63*K_si!F$6 -> 0 | G3: =+CON_HAB!G63*K_si!G$6 -> 0 | H3: =+CON_HAB!H63*K_si!H$6 -> 0 | I3: =+CON_HAB!I63*K_si!I$6 -> 0 | ... BC3: =+CON_HAB!BC63*K_si!BC$6 -> 1
A4: C3 | B4: =+CON_HAB!B64*K_si!B$6 -> 0 | C4: =+CON_HAB!C64*K_si!C$6 -> 0 | D4: =+CON_HAB!D64*K_si!D$6 -> 0 | E4: =+CON_HAB!E64*K_si!E$6 -> 0 | F4: =+CON_HAB!F64*K_si!F$6 -> 0 | G4: =+CON_HAB!G64*K_si!G$6 -> 0 | H4: =+CON_HAB!H64*K_si!H$6 -> 0 | I4: =+CON_HAB!I64*K_si!I$6 -> 0 | ... BC4: =+CON_HAB!BC64*K_si!BC$6 -> 0
A5: C4 | B5: =+CON_HAB!B65*K_si!B$6 -> 0 | C5: =+CON_HAB!C65*K_si!C$6 -> 0 | D5: =+CON_HAB!D65*K_si!D$6 -> 0 | E5: =+CON_HAB!E65*K_si!E$6 -> 0 | F5: =+CON_HAB!F65*K_si!F$6 -> 0 | G5: =+CON_HAB!G65*K_si!G$6 -> 0 | H5: =+CON_HAB!H65*K_si!H$6 -> 0 | I5: =+CON_HAB!I65*K_si!I$6 -> 0 | ... BC5: =+CON_HAB!BC65*K_si!BC$6 -> 0
A6: C5 | B6: =+CON_HAB!B66*K_si!B$6 -> 0 | C6: =+CON_HAB!C66*K_si!C$6 -> 0 | D6: =+CON_HAB!D66*K_si!D$6 -> 0 | E6: =+CON_HAB!E66*K_si!E$6 -> 0 | F6: =+CON_HAB!F66*K_si!F$6 -> 0 | G6: =+CON_HAB!G66*K_si!G$6 -> 0 | H6: =+CON_HAB!H66*K_si!H$6 -> 0 | I6: =+CON_HAB!I66*K_si!I$6 -> 0 | ... BC6: =+CON_HAB!BC66*K_si!BC$6 -> 0
A7: C6 | B7: =+CON_HAB!B67*K_si!B$6 -> 0 | C7: =+CON_HAB!C67*K_si!C$6 -> 0 | D7: =+CON_HAB!D67*K_si!D$6 -> 0 | E7: =+CON_HAB!E67*K_si!E$6 -> 0 | F7: =+CON_HAB!F67*K_si!F$6 -> 0 | G7: =+CON_HAB!G67*K_si!G$6 -> 0 | H7: =+CON_HAB!H67*K_si!H$6 -> 0 | I7: =+CON_HAB!I67*K_si!I$6 -> 0 | ... BC7: =+CON_HAB!BC67*K_si!BC$6 -> 0
A8: C7 | B8: =+CON_HAB!B68*K_si!B$6 -> 0 | C8: =+CON_HAB!C68*K_si!C$6 -> 0 | D8: =+CON_HAB!D68*K_si!D$6 -> 0 | E8: =+CON_HAB!E68*K_si!E$6 -> 0 | F8: =+CON_HAB!F68*K_si!F$6 -> 0 | G8: =+CON_HAB!G68*K_si!G$6 -> 0 | H8: =+CON_HAB!H68*K_si!H$6 -> 0 | I8: =+CON_HAB!I68*K_si!I$6 -> 0 | ... BC8: =+CON_HAB!BC68*K_si!BC$6 -> 0
A9: C8 | B9: =+CON_HAB!B69*K_si!B$6 -> 0 | C9: =+CON_HAB!C69*K_si!C$6 -> 0 | D9: =+CON_HAB!D69*K_si!D$6 -> 0 | E9: =+CON_HAB!E69*K_si!E$6 -> 0 | F9: =+CON_HAB!F69*K_si!F$6 -> 0 | G9: =+CON_HAB!G69*K_si!G$6 -> 0 | H9: =+CON_HAB!H69*K_si!H$6 -> 0 | I9: =+CON_HAB!I69*K_si!I$6 -> 0 | ... BC9: =+CON_HAB!BC69*K_si!BC$6 -> 0
A10: C9 | B10: =+CON_HAB!B70*K_si!B$6 -> 0 | C10: =+CON_HAB!C70*K_si!C$6 -> 0 | D10: =+CON_HAB!D70*K_si!D$6 -> 0 | E10: =+CON_HAB!E70*K_si!E$6 -> 0 | F10: =+CON_HAB!F70*K_si!F$6 -> 0 | G10: =+CON_HAB!G70*K_si!G$6 -> 0 | H10: =+CON_HAB!H70*K_si!H$6 -> 0 | I10: =+CON_HAB!I70*K_si!I$6 -> 0 | ... BC10: =+CON_HAB!BC70*K_si!BC$6 -> 0
A11: C10 | B11: =+CON_HAB!B71*K_si!B$6 -> 0 | C11: =+CON_HAB!C71*K_si!C$6 -> 0 | D11: =+CON_HAB!D71*K_si!D$6 -> 0 | E11: =+CON_HAB!E71*K_si!E$6 -> 0 | F11: =+CON_HAB!F71*K_si!F$6 -> 0 | G11: =+CON_HAB!G71*K_si!G$6 -> 0 | H11: =+CON_HAB!H71*K_si!H$6 -> 0 | I11: =+CON_HAB!I71*K_si!I$6 -> 0 | ... BC11: =+CON_HAB!BC71*K_si!BC$6 -> 0
A12: C11 | B12: =+CON_HAB!B72*K_si!B$6 -> 0 | C12: =+CON_HAB!C72*K_si!C$6 -> 0 | D12: =+CON_HAB!D72*K_si!D$6 -> 0 | E12: =+CON_HAB!E72*K_si!E$6 -> 0 | F12: =+CON_HAB!F72*K_si!F$6 -> 0 | G12: =+CON_HAB!G72*K_si!G$6 -> 0 | H12: =+CON_HAB!H72*K_si!H$6 -> 0 | I12: =+CON_HAB!I72*K_si!I$6 -> 0 | ... BC12: =+CON_HAB!BC72*K_si!BC$6 -> 0
A13: C12 | B13: =+CON_HAB!B73*K_si!B$6 -> 0 | C13: =+CON_HAB!C73*K_si!C$6 -> 0 | D13: =+CON_HAB!D73*K_si!D$6 -> 0 | E13: =+CON_HAB!E73*K_si!E$6 -> 0 | F13: =+CON_HAB!F73*K_si!F$6 -> 0 | G13: =+CON_HAB!G73*K_si!G$6 -> 0 | H13: =+CON_HAB!H73*K_si!H$6 -> 0 | I13: =+CON_HAB!I73*K_si!I$6 -> 0 | ... BC13: =+CON_HAB!BC73*K_si!BC$6 -> 0

Sheet TA_ti
B1: O1 | C1: O2 | D1: O3 | E1: O4 | F1: O5 | G1: O6 | H1: O7 | I1: O8 | J1: O9 | K1: O10 | L1: O11 | M1: O12 | N1: O13 | O1: O14 | P1: O15 | Q1: O16 | R1: O17 | S1: OP1 | T1: OP2 | U1: OP3 | V1: OP4 | W1: OP5 | X1: OP6 | Y1: OP7 | Z1: OP8 | AA1: OP9 | AB1: OP10 | AC1: E1 | AD1: E2 | AE1: E3 | AF1: E4 | AG1: E5 | AH1: E6 | AI1: E7 | AJ1: E8 | AK1: E9 | AL1: E10 | AM1: E11 | AN1: C1 | AO1: C2 | AP1: C3 | AQ1: C4 | AR1: C5 | AS1: C6 | AT1: C7 | AU1: C8 | AV1: C9 | AW1: L1 | AX1: L2 | AY1: S1 | AZ1: S2 | BA1: U1 | BB1: U2 | BC1: U3 | BD1: Sede1 | BE1: Sede2 | BF1: Sede3 | BG1: Sede4
A2: ="T"&_xlfn.SEQUENCE(36,1,1,1) -> T1 | B2: 10000 | C2: 10000 | D2: 10000 | E2: 15 | F2: 10000 | G2: 10000 | H2: 10000 | I2: 10000 | J2: 20 | K2: 10000 | L2: 12 | M2: 12 | N2: 12 | O2: 10000 | P2: 10000 | Q2: 10000 | R2: 20 | S2: 10000 | T2: 10000 | U2: 10000 | V2: 10000 | W2: 10000 | X2: 10000 | Y2: 10000 | Z2: 10000 | AA2: 10000 | AB2: 10000 | AC2: 10000 | AD2: 10000 | AE2: 10000 | AF2: 10000 | AG2: 10000 | AH2: 10000 | AI2: 10000 | AJ2: 10000 | AK2: 10000 | AL2: 10000 | AM2: 10000 | AN2: 10000 | AO2: 10000 | AP2: 30 | AQ2: 10000 | AR2: 10000 | AS2: 10000 | AT2: 10000 | AU2: 10000 | AV2: 10000 | AW2: 10000 | AX2: 15 | AY2: 10000 | AZ2: 10000 | BA2: 10000 | BB2: 15 | BC2: 10000 | BD2: =+Habilidad!B2 -> 1 | BE2: =+Habilidad!C2 -> 1 | BF2: =+Habilidad!D2 -> 1 | BG2: =+Habilidad!E2 -> 0
A3: T2 | B3: 10000 | C3: 10000 | D3: 10000 | E3: 15 | F3: 10000 | G3: 12 | H3: 10000 | I3: 10000 | J3: 15 | K3: 10000 | L3: 12 | M3: 12 | N3: 15 | O3: 10000 | P3: 10000 | Q3: 5 | R3: 15 | S3: 10000 | T3: 10000 | U3: 10000 | V3: 10000 | W3: 10000 | X3: 10000 | Y3: 10000 | Z3: 10000 | AA3: 10000 | AB3: 10000 | AC3: 10000 | AD3: 10000 | AE3: 10000 | AF3: 10000 | AG3: 10000 | AH3: 10000 | AI3: 10000 | AJ3: 10000 | AK3: 10000 | AL3: 10000 | AM3: 10000 | AN3: 10000 | AO3: 10000 | AP3: 40 | AQ3: 10000 | AR3: 10000 | AS3: 10000 | AT3: 10000 | AU3: 10000 | AV3: 10000 | AW3: 10000 | AX3: 15 | AY3: 10000 | AZ3: 10000 | BA3: 10000 | BB3: 10000 | BC3: 10000 | BD3: =+Habilidad!B3 -> 1 | BE3: =+Habilidad!C3 -> 1 | BF3: =+Habilidad!D3 -> 1 | BG3: =+Habilidad!E3 -> 0
A4: T3 | B4: 10000 | C4: 10000 | D4: 10000 | E4: 15 | F4: 10000 | G4: 12 | H4: 10000 | I4: 10000 | J4: 15 | K4: 10000 | L4: 12 | M4: 12 | N4: 15 | O4: 10000 | P4: 10000 | Q4: 5 | R4: 15 | S4: 10000 | T4: 10000 | U4: 10000 | V4: 10000 | W4: 10000 | X4: 10000 | Y4: 10000 | Z4: 10000 | AA4: 10000 | AB4: 10000 | AC4: 10000 | AD4: 10000 | AE4: 10000 | AF4: 10000 | AG4: 10000 | AH4: 10000 | AI4: 10000 | AJ4: 10000 | AK4: 10000 | AL4: 12 | AM4: 10000 | AN4: 10000 | AO4: 10000 | AP4: 40 | AQ4: 25 | AR4: 10000 | AS4: 10000 | AT4: 10000 | AU4: 10000 | AV4: 10000 | AW4: 10000 | AX4: 15 | AY4: 10000 | AZ4: 10000 | BA4: 10000 | BB4: 10000 | BC4: 10000 | BD4: =+Habilidad!B4 -> 1 | BE4: =+Habilidad!C4 -> 1 | BF4: =+Habilidad!D4 -> 1 | BG4: =+Habilidad!E4 -> 1
A5: T4 | B5: 10000 | C5: 10000 | D5: 10000 | E5: 15 | F5: 10000 | G5: 12 | H5: 10000 | I5: 10000 | J5: 15 | K5: 10000 | L5: 12 | M5: 12 | N5: 15 | O5: 10000 | P5: 10000 | Q5: 5 | R5: 15 | S5: 10000 | T5: 10000 | U5: 10000 | V5: 10000 | W5: 10000 | X5: 10000 | Y5: 10000 | Z5: 10000 | AA5: 10000 | AB5: 10000 | AC5: 10000 | AD5: 10000 | AE5: 10000 | AF5: 10000 | AG5: 10000 | AH5: 10000 | AI5: 10000 | AJ5: 10000 | AK5: 10000 | AL5: 10000 | AM5: 10000 | AN5: 10000 | AO5: 10000 | AP5: 40 | AQ5: 25 | AR5: 10000 | AS5: 10000 | AT5: 10000 | AU5: 10000 | AV5: 10000 | AW5: 10000 | AX5: 15 | AY5: 10000 | AZ5: 10000 | BA5: 10000 | BB5: 10000 | BC5: 10000 | BD5: =+Habilidad!B5 -> 1 | BE5: =+Habilidad!C5 -> 1 | BF5: =+Habilidad!D5 -> 1 | BG5: =+Habilidad!E5 -> 0
A6: T5 | B6: 10000 | C6: 10000 | D6: 15 | E6: 10000 | F6: 10000 | G6: 12 | H6: 10000 | I6: 10000 | J6: 15 | K6: 10000 | L6: 12 | M6: 12 | N6: 15 | O6: 10000 | P6: 10000 | Q6: 10000 | R6: 10000 | S6: 10000 | T6: 10000 | U6: 10000 | V6: 10000 | W6: 10000 | X6: 10000 | Y6: 10000 | Z6: 10000 | AA6: 10000 | AB6: 10000 | AC6: 10000 | AD6: 10000 | AE6: 10000 | AF6: 10000 | AG6: 10000 | AH6: 10000 | AI6: 10000 | AJ6: 10000 | AK6: 10000 | AL6: 10000 | AM6: 10000 | AN6: 40 | AO6: 10000 | AP6: 10000 | AQ6: 10000 | AR6: 10000 | AS6: 10000 | AT6: 10000 | AU6: 10000 | AV6: 10000 | AW6: 10000 | AX6: 10000 | AY6: 10000 | AZ6: 15 | BA6: 10000 | BB6: 10000 | BC6: 10000 | BD6: =+Habilidad!B6 -> 1 | BE6: =+Habilidad!C6 -> 1 | BF6: =+Habilidad!D6 -> 0 | BG6: =+Habilidad!E6 -> 1
A7: T6 | B7: 10000 | C7: 10000 | D7: 10000 | E7: 10000 | F7: 10000 | G7: 12 | H7: 15 | I7: 15 | J7: 15 | K7: 10000 | L7: 12 | M7: 12 | N7: 15 | O7: 10000 | P7: 10000 | Q7: 5 | R7: 15 | S7: 10000 | T7: 10000 | U7: 10000 | V7: 10000 | W7: 10000 | X7: 10000 | Y7: 10000 | Z7: 10000 | AA7: 10000 | AB7: 10000 | AC7: 10000 | AD7: 10000 | AE7: 10000 | AF7: 10000 | AG7: 10000 | AH7: 10000 | AI7: 10000 | AJ7: 10000 | AK7: 10000 | AL7: 12 | AM7: 10000 | AN7: 10000 | AO7: 10000 | AP7: 10000 | AQ7: 25 | AR7: 10000 | AS7: 10000 | AT7: 10000 | AU7: 10000 | AV7: 10000 | AW7: 10000 | AX7: 15 | AY7: 10000 | AZ7: 10000 | BA7: 10000 | BB7: 10000 | BC7: 10000 | BD7: =+Habilidad!B7 -> 1 | BE7: =+Habilidad!C7 -> 1 | BF7: =+Habilidad!D7 -> 1 | BG7: =+Habilidad!E7 -> 1
A8: T7 | B8: 10000 | C8: 10000 | D8: 10000 | E8: 10000 | F8: 10000 | G8: 12 | H8: 10000 | I8: 10000 | J8: 15 | K8: 10000 | L8: 12 | M8: 12 | N8: 15 | O8: 10000 | P8: 10000 | Q8: 5 | R8: 15 | S8: 10000 | T8: 10000 | U8: 10000 | V8: 10000 | W8: 10000 | X8: 10000 | Y8: 10000 | Z8: 10000 | AA8: 10000 | AB8: 10000 | AC8: 10000 | AD8: 10000 | AE8: 10000 | AF8: 10000 | AG8: 10000 | AH8: 10000 | AI8: 10000 | AJ8: 10000 | AK8: 10000 | AL8: 10000 | AM8: 10000 | AN8: 10000 | AO8: 10000 | AP8: 10000 | AQ8: 25 | AR8: 10000 | AS8: 10000 | AT8: 10000 | AU8: 10000 | AV8: 10000 | AW8: 10000 | AX8: 15 | AY8: 10000 | AZ8: 10000 | BA8: 10000 | BB8: 15 | BC8: 10000 | BD8: =+Habilidad!B8 -> 1 | BE8: =+Habilidad!C8 -> 1 | BF8: =+Habilidad!D8 -> 1 | BG8: =+Habilidad!E8 -> 0
A9: T8 | B9: 10000 | C9: 10000 | D9: 10000 | E9: 15 | F9: 10000 | G9: 12 | H9: 10000 | I9: 10000 | J9: 15 | K9: 10000 | L9: 12 | M9: 12 | N9: 15 | O9: 10000 | P9: 10000 | Q9: 5 | R9: 15 | S9: 10000 | T9: 10000 | U9: 10000 | V9: 10000 | W9: 10000 | X9: 10000 | Y9: 10000 | Z9: 10000 | AA9: 10000 | AB9: 10000 | AC9: 10000 | AD9: 10000 | AE9: 10000 | AF9: 10000 | AG9: 10000 | AH9: 10000 | AI9: 10000 | AJ9: 10000 | AK9: 10000 | AL9: 12 | AM9: 10000 | AN9: 10000 | AO9: 10000 | AP9: 10000 | AQ9: 25 | AR9: 10000 | AS9: 10000 | AT9: 60 | AU9: 10000 | AV9: 10000 | AW9: 10000 | AX9: 15 | AY9: 10000 | AZ9: 10000 | BA9: 10000 | BB9: 15 | BC9: 10000 | BD9: =+Habilidad!B9 -> 1 | BE9: =+Habilidad!C9 -> 1 | BF9: =+Habilidad!D9 -> 1 | BG9: =+Habilidad!E9 -> 0
A10: T9 | B10: 10000 | C10: 10000 | D10: 15 | E10: 10000 | F10: 10000 | G10: 12 | H10: 10000 | I10: 10000 | J10: 15 | K10: 10000 | L10: 12 | M10: 12 | N10: 15 | O10: 10000 | P10: 10000 | Q10: 10000 | R10: 15 | S10: 10000 | T10: 10000 | U10: 10000 | V10: 10000 | W10: 10000 | X10: 10000 | Y10: 10000 | Z10: 10000 | AA10: 10000 | AB10: 10000 | AC10: 10000 | AD10: 10000 | AE10: 10000 | AF10: 10000 | AG10: 10000 | AH10: 10000 | AI10: 10000 | AJ10: 10000 | AK10: 10000 | AL10: 10000 | AM10: 10000 | AN10: 60 | AO10: 10000 | AP10: 10000 | AQ10: 10000 | AR10: 10000 | AS10: 10000 | AT10: 10000 | AU10: 10000 | AV10: 10000 | AW10: 10000 | AX10: 10000 | AY10: 10000 | AZ10: 15 | BA10: 10000 | BB10: 10000 | BC10: 10000 | BD10: =+Habilidad!B10 -> 1 | BE10: =+Habilidad!C10 -> 1 | BF10: =+Habilidad!D10 -> 0 | BG10: =+Habilidad!E10 -> 0
A11: T10 | B11: 10000 | C11: 10000 | D11: 10000 | E11: 10000 | F11: 15 | G11: 10000 | H11: 10000 | I11: 10000 | J11: 15 | K11: 10000 | L11: 15 | M11: 15 | N11: 10000 | O11: 10000 | P11: 10000 | Q11: 10000 | R11: 15 | S11: 10000 | T11: 10000 | U11: 10000 | V11: 10000 | W11: 10000 | X11: 10000 | Y11: 10000 | Z11: 10000 | AA11: 10000 | AB11: 10000 | AC11: 10000 | AD11: 10000 | AE11: 10000 | AF11: 10000 | AG11: 10000 | AH11: 10000 | AI11: 10000 | AJ11: 10000 | AK11: 10000 | AL11: 10000 | AM11: 10000 | AN11: 10000 | AO11: 108 | AP11: 10000 | AQ11: 10000 | AR11: 10000 | AS11: 10000 | AT11: 10000 | AU11: 10000 | AV11: 10000 | AW11: 10000 | AX11: 10000 | AY11: 10000 | AZ11: 10000 | BA11: 10000 | BB11: 10000 | BC11: 10000 | BD11: =+Habilidad!B11 -> 1 | BE11: =+Habilidad!C11 -> 1 | BF11: =+Habilidad!D11 -> 0 | BG11: =+Habilidad!E11 -> 1
A12: T11 | B12: 10000 | C12: 10000 | D12: 10000 | E12: 10000 | F12: 10000 | G12: 12 | H12: 10000 | I12: 10000 | J12: 15 | K12: 10000 | L12: 12 | M12: 12 | N12: 10000 | O12: 10000 | P12: 10000 | Q12: 10000 | R12: 10000 | S12: 10000 | T12: 10000 | U12: 10000 | V12: 10000 | W12: 10000 | X12: 10000 | Y12: 10000 | Z12: 10000 | AA12: 10000 | AB12: 10000 | AC12: 10000 | AD12: 10000 | AE12: 10000 | AF12: 10000 | AG12: 10000 | AH12: 10000 | AI12: 10000 | AJ12: 10000 | AK12: 10000 | AL12: 10000 | AM12: 10000 | AN12: 10000 | AO12: 10000 | AP12: 10000 | AQ12: 10000 | AR12: 10000 | AS12: 10000 | AT12: 10000 | AU12: 10000 | AV12: 10000 | AW12: 10000 | AX12: 10000 | AY12: 10000 | AZ12: 10000 | BA12: 10000 | BB12: 10000 | BC12: 10000 | BD12: =+Habilidad!B12 -> 1 | BE12: =+Habilidad!C12 -> 1 | BF12: =+Habilidad!D12 -> 1 | BG12: =+Habilidad!E12 -> 0
A13: T12 | B13: 10000 | C13: 10000 | D13: 10000 | E13: 10000 | F13: 15 | G13: 10000 | H13: 10000 | I13: 10000 | J13: 15 | K13: 10000 | L13: 12 | M13: 12 | N13: 10000 | O13: 10000 | P13: 10000 | Q13: 10000 | R13: 15 | S13: 10000 | T13: 10000 | U13: 10000 | V13: 10000 | W13: 10000 | X13: 10000 | Y13: 10000 | Z13: 10000 | AA13: 10000 | AB13: 10000 | AC13: 10000 | AD13: 10000 | AE13: 10000 | AF13: 10000 | AG13: 10000 | AH13: 10000 | AI13: 10000 | AJ13: 10000 | AK13: 10000 | AL13: 10000 | AM13: 10000 | AN13: 10000 | AO13: 108 | AP13: 10000 | AQ13: 10000 | AR13: 10000 | AS13: 10000 | AT13: 10000 | AU13: 10000 | AV13: 10000 | AW13: 10000 | AX13: 10000 | AY13: 10000 | AZ13: 10000 | BA13: 10000 | BB13: 10000 | BC13: 10000 | BD13: =+Habilidad!B13 -> 1 | BE13: =+Habilidad!C13 -> 1 | BF13: =+Habilidad!D13 -> 0 | BG13: =+Habilidad!E13 -> 1
A14: T13 | B14: 12 | C14: 10000 | D14: 10000 | E14: 10000 | F14: 10000 | G14: 10000 | H14: 10000 | I14: 10000 | J14: 10000 | K14: 10000 | L14: 12 | M14: 12 | N14: 10000 | O14: 6 | P14: 10000 | Q14: 10000 | R14: 10000 | S14: 10000 | T14: 10000 | U14: 10000 | V14: 10000 | W14: 10000 | X14: 10000 | Y14: 10000 | Z14: 10000 | AA14: 10000 | AB14: 10000 | AC14: 10000 | AD14: 10000 | AE14: 10000 | AF14: 10000 | AG14: 10000 | AH14: 10000 | AI14: 10000 | AJ14: 10000 | AK14: 10000 | AL14: 10000 | AM14: 10000 | AN14: 10000 | AO14: 10000 | AP14: 10000 | AQ14: 10000 | AR14: 54 | AS14: 12 | AT14: 10000 | AU14: 10000 | AV14: 10000 | AW14: 12 | AX14: 10000 | AY14: 10000 | AZ14: 10000 | BA14: 10000 | BB14: 10000 | BC14: 10000 | BD14: =+Habilidad!B14 -> 1 | BE14: =+Habilidad!C14 -> 0 | BF14: =+Habilidad!D14 -> 0 | BG14: =+Habilidad!E14 -> 0
... A46: T45 | B46: 10000 | C46: 10000 | D46: 10000 | E46: 10000 | F46: 10000 | G46: 10000 | H46: 10000 | I46: 10000 | J46: 10000 | K46: 12 | L46: 10000 | M46: 10000 | N46: 10000 | O46: 10000 | P46: 10000 | Q46: 10000 | R46: 10000 | S46: 10000 | T46: 10000 | U46: 10000 | V46: 10000 | W46: 10000 | X46: 10000 | Y46: 10000 | Z46: 10000 | AA46: 10 | AB46: 10000 | AC46: 10000 | AD46: 10000 | AE46: 10000 | AF46: 10 | AG46: 30 | AH46: 10000 | AI46: 10000 | AJ46: 10000 | AK46: 10000 | AL46: 10000 | AM46: 10000 | AN46: 10000 | AO46: 10000 | AP46: 10000 | AQ46: 10000 | AR46: 10000 | AS46: 10000 | AT46: 10000 | AU46: 10000 | AV46: 10000 | AW46: 10000 | AX46: 10000 | AY46: 10000 | AZ46: 10000 | BA46: 10000 | BB46: 10000 | BC46: 10000 | BD46: =+Habilidad!B46 -> 1 | BE46: =+Habilidad!C46 -> 1 | BF46: =+Habilidad!D46 -> 1 | BG46: =+Habilidad!E46 -> 0
A47: Sede 1 | B47: =+K_si!B2 -> 1 | C47: =+K_si!C2 -> 1 | D47: =+K_si!D2 -> 1 | E47: =+K_si!E2 -> 1 | F47: =+K_si!F2 -> 0 | G47: =+K_si!G2 -> 0 | H47: =+K_si!H2 -> 1 | I47: =+K_si!I2 -> 1 | ... BC47: =+K_si!BC2 -> 0
A48: Sede 2 | B48: =+K_si!B3 -> 0 | C48: =+K_si!C3 -> 0 | D48: =+K_si!D3 -> 0 | E48: =+K_si!E3 -> 0 | F48: =+K_si!F3 -> 1 | G48: =+K_si!G3 -> 1 | H48: =+K_si!H3 -> 0 | I48: =+K_si!I3 -> 0 | ... BC48: =+K_si!BC3 -> 0
A49: Sede 3 | B49: =+K_si!B4 -> 0 | C49: =+K_si!C4 -> 0 | D49: =+K_si!D4 -> 0 | E49: =+K_si!E4 -> 0 | F49: =+K_si!F4 -> 0 | G49: =+K_si!G4 -> 1 | H49: =+K_si!H4 -> 0 | I49: =+K_si!I4 -> 0 | ... BC49: =+K_si!BC4 -> 0
A50: Sede 4 | B50: =+K_si!B5 -> 0 | C50: =+K_si!C5 -> 0 | D50: =+K_si!D5 -> 1 | E50: =+K_si!E5 -> 1 | F50: =+K_si!F5 -> 1 | G50: =+K_si!G5 -> 1 | H50: =+K_si!H5 -> 1 | I50: =+K_si!I5 -> 1 | ... BC50: =+K_si!BC5 -> 0
A51: Sede 5 | B51: =+K_si!B6 -> 0 | C51: =+K_si!C6 -> 0 | D51: =+K_si!D6 -> 0 | E51: =+K_si!E6 -> 0 | F51: =+K_si!F6 -> 0 | G51: =+K_si!G6 -> 0 | H51: =+K_si!H6 -> 0 | I51: =+K_si!I6 -> 0 | ... BC51: =+K_si!BC6 -> 1

Sheet TA_tis1
B1: O1 | C1: O2 | D1: O3 | E1: O4 | F1: O5 | G1: O6 | H1: O7 | I1: O8 | J1: O9 | K1: O10 | L1: O11 | M1: O12 | N1: O13 | O1: O14 | P1: O15 | Q1: O16 | R1: O17 | S1: OP1 | T1: OP2 | U1: OP3 | V1: OP4 | W1: OP5 | X1: OP6 | Y1: OP7 | Z1: OP8 | AA1: OP9 | AB1: OP10 | AC1: E1 | AD1: E2 | AE1: E3 | AF1: E4 | AG1: E5 | AH1: E6 | AI1: E7 | AJ1: E8 | AK1: E9 | AL1: E10 | AM1: E11 | AN1: C1 | AO1: C2 | AP1: C3 | AQ1: C4 | AR1: C5 | AS1: C6 | AT1: C7 | AU1: C8 | AV1: C9 | AW1: L1 | AX1: L2 | AY1: S1 | AZ1: S2 | BA1: U1 | BB1: U2 | BC1: U3
A2: ="T"&_xlfn.SEQUENCE(36,1,1,1) -> T1 | B2: =+IF(TA_ti!B2*TA_ti!B$47*TA_ti!$BD2=0,10000,TA_ti!B2*TA_ti!B$47*TA_ti!$BD2) -> 10000 | C2: =+IF(TA_ti!C2*TA_ti!C$47*TA_ti!$BD2=0,10000,TA_ti!C2*TA_ti!C$47*TA_ti!$BD2) -> 10000 | D2: =+IF(TA_ti!D2*TA_ti!D$47*TA_ti!$BD2=0,10000,TA_ti!D2*TA_ti!D$47*TA_ti!$BD2) -> 10000 | E2: =+IF(TA_ti!E2*TA_ti!E$47*TA_ti!$BD2=0,10000,TA_ti!E2*TA_ti!E$47*TA_ti!$BD2) -> 15 | F2: =+IF(TA_ti!F2*TA_ti!F$47*TA_ti!$BD2=0,10000,TA_ti!F2*TA_ti!F$47*TA_ti!$BD2) -> 10000 | G2: =+IF(TA_ti!G2*TA_ti!G$47*TA_ti!$BD2=0,10000,TA_ti!G2*TA_ti!G$47*TA_ti!$BD2) -> 10000 | H2: =+IF(TA_ti!H2*TA_ti!H$47*TA_ti!$BD2=0,10000,TA_ti!H2*TA_ti!H$47*TA_ti!$BD2) -> 10000 | I2: =+IF(TA_ti!I2*TA_ti!I$47*TA_ti!$BD2=0,10000,TA_ti!I2*TA_ti!I$47*TA_ti!$BD2) -> 10000 | ... BC2: =+IF(TA_ti!BC2*TA_ti!BC$47*TA_ti!$BD2=0,10000,TA_ti!BC2*TA_ti!BC$47*TA_ti!$BD2) -> 10000
A3: T2 | B3: =+IF(TA_ti!B3*TA_ti!B$47*TA_ti!$BD3=0,10000,TA_ti!B3*TA_ti!B$47*TA_ti!$BD3) -> 10000 | C3: =+IF(TA_ti!C3*TA_ti!C$47*TA_ti!$BD3=0,10000,TA_ti!C3*TA_ti!C$47*TA_ti!$BD3) -> 10000 | D3: =+IF(TA_ti!D3*TA_ti!D$47*TA_ti!$BD3=0,10000,TA_ti!D3*TA_ti!D$47*TA_ti!$BD3) -> 10000 | E3: =+IF(TA_ti!E3*TA_ti!E$47*TA_ti!$BD3=0,10000,TA_ti!E3*TA_ti!E$47*TA_ti!$BD3) -> 15 | F3: =+IF(TA_ti!F3*TA_ti!F$47*TA_ti!$BD3=0,10000,TA_ti!F3*TA_ti!F$47*TA_ti!$BD3) -> 10000 | G3: =+IF(TA_ti!G3*TA_ti!G$47*TA_ti!$BD3=0,10000,TA_ti!G3*TA_ti!G$47*TA_ti!$BD3) -> 10000 | H3: =+IF(TA_ti!H3*TA_ti!H$47*TA_ti!$BD3=0,10000,TA_ti!H3*TA_ti!H$47*TA_ti!$BD3) -> 10000 | I3: =+IF(TA_ti!I3*TA_ti!I$47*TA_ti!$BD3=0,10000,TA_ti!I3*TA_ti!I$47*TA_ti!$BD3) -> 10000 | ... BC3: =+IF(TA_ti!BC3*TA_ti!BC$47*TA_ti!$BD3=0,10000,TA_ti!BC3*TA_ti!BC$47*TA_ti!$BD3) -> 10000
A4: T3 | B4: =+IF(TA_ti!B4*TA_ti!B$47*TA_ti!$BD4=0,10000,TA_ti!B4*TA_ti!B$47*TA_ti!$BD4) -> 10000 | C4: =+IF(TA_ti!C4*TA_ti!C$47*TA_ti!$BD4=0,10000,TA_ti!C4*TA_ti!C$47*TA_ti!$BD4) -> 10000 | D4: =+IF(TA_ti!D4*TA_ti!D$47*TA_ti!$BD4=0,10000,TA_ti!D4*TA_ti!D$47*TA_ti!$BD4) -> 10000 | E4: =+IF(TA_ti!E4*TA_ti!E$47*TA_ti!$BD4=0,10000,TA_ti!E4*TA_ti!E$47*TA_ti!$BD4) -> 15 | F4: =+IF(TA_ti!F4*TA_ti!F$47*TA_ti!$BD4=0,10000,TA_ti!F4*TA_ti!F$47*TA_ti!$BD4) -> 10000 | G4: =+IF(TA_ti!G4*TA_ti!G$47*TA_ti!$BD4=0,10000,TA_ti!G4*TA_ti!G$47*TA_ti!$BD4) -> 10000 | H4: =+IF(TA_ti!H4*TA_ti!H$47*TA_ti!$BD4=0,10000,TA_ti!H4*TA_ti!H$47*TA_ti!$BD4) -> 10000 | I4: =+IF(TA_ti!I4*TA_ti!I$47*TA_ti!$BD4=0,10000,TA_ti!I4*TA_ti!I$47*TA_ti!$BD4) -> 10000 | ... BC4: =+IF(TA_ti!BC4*TA_ti!BC$47*TA_ti!$BD4=0,10000,TA_ti!BC4*TA_ti!BC$47*TA_ti!$BD4) -> 10000
A5: T4 | B5: =+IF(TA_ti!B5*TA_ti!B$47*TA_ti!$BD5=0,10000,TA_ti!B5*TA_ti!B$47*TA_ti!$BD5) -> 10000 | C5: =+IF(TA_ti!C5*TA_ti!C$47*TA_ti!$BD5=0,10000,TA_ti!C5*TA_ti!C$47*TA_ti!$BD5) -> 10000 | D5: =+IF(TA_ti!D5*TA_ti!D$47*TA_ti!$BD5=0,10000,TA_ti!D5*TA_ti!D$47*TA_ti!$BD5) -> 10000 | E5: =+IF(TA_ti!E5*TA_ti!E$47*TA_ti!$BD5=0,10000,TA_ti!E5*TA_ti!E$47*TA_ti!$BD5) -> 15 | F5: =+IF(TA_ti!F5*TA_ti!F$47*TA_ti!$BD5=0,10000,TA_ti!F5*TA_ti!F$47*TA_ti!$BD5) -> 10000 | G5: =+IF(TA_ti!G5*TA_ti!G$47*TA_ti!$BD5=0,10000,TA_ti!G5*TA_ti!G$47*TA_ti!$BD5) -> 10000 | H5: =+IF(TA_ti!H5*TA_ti!H$47*TA_ti!$BD5=0,10000,TA_ti!H5*TA_ti!H$47*TA_ti!$BD5) -> 10000 | I5: =+IF(TA_ti!I5*TA_ti!I$47*TA_ti!$BD5=0,10000,TA_ti!I5*TA_ti!I$47*TA_ti!$BD5) -> 10000 | ... BC5: =+IF(TA_ti!BC5*TA_ti!BC$47*TA_ti!$BD5=0,10000,TA_ti!BC5*TA_ti!BC$47*TA_ti!$BD5) -> 10000
A6: T5 | B6: =+IF(TA_ti!B6*TA_ti!B$47*TA_ti!$BD6=0,10000,TA_ti!B6*TA_ti!B$47*TA_ti!$BD6) -> 10000 | C6: =+IF(TA_ti!C6*TA_ti!C$47*TA_ti!$BD6=0,10000,TA_ti!C6*TA_ti!C$47*TA_ti!$BD6) -> 10000 | D6: =+IF(TA_ti!D6*TA_ti!D$47*TA_ti!$BD6=0,10000,TA_ti!D6*TA_ti!D$47*TA_ti!$BD6) -> 15 | E6: =+IF(TA_ti!E6*TA_ti!E$47*TA_ti!$BD6=0,10000,TA_ti!E6*TA_ti!E$47*TA_ti!$BD6) -> 10000 | F6: =+IF(TA_ti!F6*TA_ti!F$47*TA_ti!$BD6=0,10000,TA_ti!F6*TA_ti!F$47*TA_ti!$BD6) -> 10000 | G6: =+IF(TA_ti!G6*TA_ti!G$47*TA_ti!$BD6=0,10000,TA_ti!G6*TA_ti!G$47*TA_ti!$BD6) -> 10000 | H6: =+IF(TA_ti!H6*TA_ti!H$47*TA_ti!$BD6=0,10000,TA_ti!H6*TA_ti!H$47*TA_ti!$BD6) -> 10000 | I6: =+IF(TA_ti!I6*TA_ti!I$47*TA_ti!$BD6=0,10000,TA_ti!I6*TA_ti!I$47*TA_ti!$BD6) -> 10000 | ... BC6: =+IF(TA_ti!BC6*TA_ti!BC$47*TA_ti!$BD6=0,10000,TA_ti!BC6*TA_ti!BC$47*TA_ti!$BD6) -> 10000
A7: T6 | B7: =+IF(TA_ti!B7*TA_ti!B$47*TA_ti!$BD7=0,10000,TA_ti!B7*TA_ti!B$47*TA_ti!$BD7) -> 10000 | C7: =+IF(TA_ti!C7*TA_ti!C$47*TA_ti!$BD7=0,10000,TA_ti!C7*TA_ti!C$47*TA_ti!$BD7) -> 10000 | D7: =+IF(TA_ti!D7*TA_ti!D$47*TA_ti!$BD7=0,10000,TA_ti!D7*TA_ti!D$47*TA_ti!$BD7) -> 10000 | E7: =+IF(TA_ti!E7*TA_ti!E$47*TA_ti!$BD7=0,10000,TA_ti!E7*TA_ti!E$47*TA_ti!$BD7) -> 10000 | F7: =+IF(TA_ti!F7*TA_ti!F$47*TA_ti!$BD7=0,10000,TA_ti!F7*TA_ti!F$47*TA_ti!$BD7) -> 10000 | G7: =+IF(TA_ti!G7*TA_ti!G$47*TA_ti!$BD7=0,10000,TA_ti!G7*TA_ti!G$47*TA_ti!$BD7) -> 10000 | H7: =+IF(TA_ti!H7*TA_ti!H$47*TA_ti!$BD7=0,10000,TA_ti!H7*TA_ti!H$47*TA_ti!$BD7) -> 15 | I7: =+IF(TA_ti!I7*TA_ti!I$47*TA_ti!$BD7=0,10000,TA_ti!I7*TA_ti!I$47*TA_ti!$BD7) -> 15 | ... BC7: =+IF(TA_ti!BC7*TA_ti!BC$47*TA_ti!$BD7=0,10000,TA_ti!BC7*TA_ti!BC$47*TA_ti!$BD7) -> 10000
A8: T7 | B8: =+IF(TA_ti!B8*TA_ti!B$47*TA_ti!$BD8=0,10000,TA_ti!B8*TA_ti!B$47*TA_ti!$BD8) -> 10000 | C8: =+IF(TA_ti!C8*TA_ti!C$47*TA_ti!$BD8=0,10000,TA_ti!C8*TA_ti!C$47*TA_ti!$BD8) -> 10000 | D8: =+IF(TA_ti!D8*TA_ti!D$47*TA_ti!$BD8=0,10000,TA_ti!D8*TA_ti!D$47*TA_ti!$BD8) -> 10000 | E8: =+IF(TA_ti!E8*TA_ti!E$47*TA_ti!$BD8=0,10000,TA_ti!E8*TA_ti!E$47*TA_ti!$BD8) -> 10000 | F8: =+IF(TA_ti!F8*TA_ti!F$47*TA_ti!$BD8=0,10000,TA_ti!F8*TA_ti!F$47*TA_ti!$BD8) -> 10000 | G8: =+IF(TA_ti!G8*TA_ti!G$47*TA_ti!$BD8=0,10000,TA_ti!G8*TA_ti!G$47*TA_ti!$BD8) -> 10000 | H8: =+IF(TA_ti!H8*TA_ti!H$47*TA_ti!$BD8=0,10000,TA_ti!H8*TA_ti!H$47*TA_ti!$BD8) -> 10000 | I8: =+IF(TA_ti!I8*TA_ti!I$47*TA_ti!$BD8=0,10000,TA_ti!I8*TA_ti!I$47*TA_ti!$BD8) -> 10000 | ... BC8: =+IF(TA_ti!BC8*TA_ti!BC$47*TA_ti!$BD8=0,10000,TA_ti!BC8*TA_ti!BC$47*TA_ti!$BD8) -> 10000
A9: T8 | B9: =+IF(TA_ti!B9*TA_ti!B$47*TA_ti!$BD9=0,10000,TA_ti!B9*TA_ti!B$47*TA_ti!$BD9) -> 10000 | C9: =+IF(TA_ti!C9*TA_ti!C$47*TA_ti!$BD9=0,10000,TA_ti!C9*TA_ti!C$47*TA_ti!$BD9) -> 10000 | D9: =+IF(TA_ti!D9*TA_ti!D$47*TA_ti!$BD9=0,10000,TA_ti!D9*TA_ti!D$47*TA_ti!$BD9) -> 10000 | E9: =+IF(TA_ti!E9*TA_ti!E$47*TA_ti!$BD9=0,10000,TA_ti!E9*TA_ti!E$47*TA_ti!$BD9) -> 15 | F9: =+IF(TA_ti!F9*TA_ti!F$47*TA_ti!$BD9=0,10000,TA_ti!F9*TA_ti!F$47*TA_ti!$BD9) -> 10000 | G9: =+IF(TA_ti!G9*TA_ti!G$47*TA_ti!$BD9=0,10000,TA_ti!G9*TA_ti!G$47*TA_ti!$BD9) -> 10000 | H9: =+IF(TA_ti!H9*TA_ti!H$47*TA_ti!$BD9=0,10000,TA_ti!H9*TA_ti!H$47*TA_ti!$BD9) -> 10000 | I9: =+IF(TA_ti!I9*TA_ti!I$47*TA_ti!$BD9=0,10000,TA_ti!I9*TA_ti!I$47*TA_ti!$BD9) -> 10000 | ... BC9: =+IF(TA_ti!BC9*TA_ti!BC$47*TA_ti!$BD9=0,10000,TA_ti!BC9*TA_ti!BC$47*TA_ti!$BD9) -> 10000
A10: T9 | B10: =+IF(TA_ti!B10*TA_ti!B$47*TA_ti!$BD10=0,10000,TA_ti!B10*TA_ti!B$47*TA_ti!$BD10) -> 10000 | C10: =+IF(TA_ti!C10*TA_ti!C$47*TA_ti!$BD10=0,10000,TA_ti!C10*TA_ti!C$47*TA_ti!$BD10) -> 10000 | D10: =+IF(TA_ti!D10*TA_ti!D$47*TA_ti!$BD10=0,10000,TA_ti!D10*TA_ti!D$47*TA_ti!$BD10) -> 15 | E10: =+IF(TA_ti!E10*TA_ti!E$47*TA_ti!$BD10=0,10000,TA_ti!E10*TA_ti!E$47*TA_ti!$BD10) -> 10000 | F10: =+IF(TA_ti!F10*TA_ti!F$47*TA_ti!$BD10=0,10000,TA_ti!F10*TA_ti!F$47*TA_ti!$BD10) -> 10000 | G10: =+IF(TA_ti!G10*TA_ti!G$47*TA_ti!$BD10=0,10000,TA_ti!G10*TA_ti!G$47*TA_ti!$BD10) -> 10000 | H10: =+IF(TA_ti!H10*TA_ti!H$47*TA_ti!$BD10=0,10000,TA_ti!H10*TA_ti!H$47*TA_ti!$BD10) -> 10000 | I10: =+IF(TA_ti!I10*TA_ti!I$47*TA_ti!$BD10=0,10000,TA_ti!I10*TA_ti!I$47*TA_ti!$BD10) -> 10000 | ... BC10: =+IF(TA_ti!BC10*TA_ti!BC$47*TA_ti!$BD10=0,10000,TA_ti!BC10*TA_ti!BC$47*TA_ti!$BD10) -> 10000
A11: T10 | B11: =+IF(TA_ti!B11*TA_ti!B$47*TA_ti!$BD11=0,10000,TA_ti!B11*TA_ti!B$47*TA_ti!$BD11) -> 10000 | C11: =+IF(TA_ti!C11*TA_ti!C$47*TA_ti!$BD11=0,10000,TA_ti!C11*TA_ti!C$47*TA_ti!$BD11) -> 10000 | D11: =+IF(TA_ti!D11*TA_ti!D$47*TA_ti!$BD11=0,10000,TA_ti!D11*TA_ti!D$47*TA_ti!$BD11) -> 10000 | E11: =+IF(TA_ti!E11*TA_ti!E$47*TA_ti!$BD11=0,10000,TA_ti!E11*TA_ti!E$47*TA_ti!$BD11) -> 10000 | F11: =+IF(TA_ti!F11*TA_ti!F$47*TA_ti!$BD11=0,10000,TA_ti!F11*TA_ti!F$47*TA_ti!$BD11) -> 10000 | G11: =+IF(TA_ti!G11*TA_ti!G$47*TA_ti!$BD11=0,10000,TA_ti!G11*TA_ti!G$47*TA_ti!$BD11) -> 10000 | H11: =+IF(TA_ti!H11*TA_ti!H$47*TA_ti!$BD11=0,10000,TA_ti!H11*TA_ti!H$47*TA_ti!$BD11) -> 10000 | I11: =+IF(TA_ti!I11*TA_ti!I$47*TA_ti!$BD11=0,10000,TA_ti!I11*TA_ti!I$47*TA_ti!$BD11) -> 10000 | ... BC11: =+IF(TA_ti!BC11*TA_ti!BC$47*TA_ti!$BD11=0,10000,TA_ti!BC11*TA_ti!BC$47*TA_ti!$BD11) -> 10000
A12: T11 | B12: =+IF(TA_ti!B12*TA_ti!B$47*TA_ti!$BD12=0,10000,TA_ti!B12*TA_ti!B$47*TA_ti!$BD12) -> 10000 | C12: =+IF(TA_ti!C12*TA_ti!C$47*TA_ti!$BD12=0,10000,TA_ti!C12*TA_ti!C$47*TA_ti!$BD12) -> 10000 | D12: =+IF(TA_ti!D12*TA_ti!D$47*TA_ti!$BD12=0,10000,TA_ti!D12*TA_ti!D$47*TA_ti!$BD12) -> 10000 | E12: =+IF(TA_ti!E12*TA_ti!E$47*TA_ti!$BD12=0,10000,TA_ti!E12*TA_ti!E$47*TA_ti!$BD12) -> 10000 | F12: =+IF(TA_ti!F12*TA_ti!F$47*TA_ti!$BD12=0,10000,TA_ti!F12*TA_ti!F$47*TA_ti!$BD12) -> 10000 | G12: =+IF(TA_ti!G12*TA_ti!G$47*TA_ti!$BD12=0,10000,TA_ti!G12*TA_ti!G$47*TA_ti!$BD12) -> 10000 | H12: =+IF(TA_ti!H12*TA_ti!H$47*TA_ti!$BD12=0,10000,TA_ti!H12*TA_ti!H$47*TA_ti!$BD12) -> 10000 | I12: =+IF(TA_ti!I12*TA_ti!I$47*TA_ti!$BD12=0,10000,TA_ti!I12*TA_ti!I$47*TA_ti!$BD12) -> 10000 | ... BC12: =+IF(TA_ti!BC12*TA_ti!BC$47*TA_ti!$BD12=0,10000,TA_ti!BC12*TA_ti!BC$47*TA_ti!$BD12) -> 10000
A13: T12 | B13: =+IF(TA_ti!B13*TA_ti!B$47*TA_ti!$BD13=0,10000,TA_ti!B13*TA_ti!B$47*TA_ti!$BD13) -> 10000 | C13: =+IF(TA_ti!C13*TA_ti!C$47*TA_ti!$BD13=0,10000,TA_ti!C13*TA_ti!C$47*TA_ti!$BD13) -> 10000 | D13: =+IF(TA_ti!D13*TA_ti!D$47*TA_ti!$BD13=0,10000,TA_ti!D13*TA_ti!D$47*TA_ti!$BD13) -> 10000 | E13: =+IF(TA_ti!E13*TA_ti!E$47*TA_ti!$BD13=0,10000,TA_ti!E13*TA_ti!E$47*TA_ti!$BD13) -> 10000 | F13: =+IF(TA_ti!F13*TA_ti!F$47*TA_ti!$BD13=0,10000,TA_ti!F13*TA_ti!F$47*TA_ti!$BD13) -> 10000 | G13: =+IF(TA_ti!G13*TA_ti!G$47*TA_ti!$BD13=0,10000,TA_ti!G13*TA_ti!G$47*TA_ti!$BD13) -> 10000 | H13: =+IF(TA_ti!H13*TA_ti!H$47*TA_ti!$BD13=0,10000,TA_ti!H13*TA_ti!H$47*TA_ti!$BD13) -> 10000 | I13: =+IF(TA_ti!I13*TA_ti!I$47*TA_ti!$BD13=0,10000,TA_ti!I13*TA_ti!I$47*TA_ti!$BD13) -> 10000 | ... BC13: =+IF(TA_ti!BC13*TA_ti!BC$47*TA_ti!$BD13=0,10000,TA_ti!BC13*TA_ti!BC$47*TA_ti!$BD13) -> 10000
A14: T13 | B14: =+IF(TA_ti!B14*TA_ti!B$47*TA_ti!$BD14=0,10000,TA_ti!B14*TA_ti!B$47*TA_ti!$BD14) -> 12 | C14: =+IF(TA_ti!C14*TA_ti!C$47*TA_ti!$BD14=0,10000,TA_ti!C14*TA_ti!C$47*TA_ti!$BD14) -> 10000 | D14: =+IF(TA_ti!D14*TA_ti!D$47*TA_ti!$BD14=0,10000,TA_ti!D14*TA_ti!D$47*TA_ti!$BD14) -> 10000 | E14: =+IF(TA_ti!E14*TA_ti!E$47*TA_ti!$BD14=0,10000,TA_ti!E14*TA_ti!E$47*TA_ti!$BD14) -> 10000 | F14: =+IF(TA_ti!F14*TA_ti!F$47*TA_ti!$BD14=0,10000,TA_ti!F14*TA_ti!F$47*TA_ti!$BD14) -> 10000 | G14: =+IF(TA_ti!G14*TA_ti!G$47*TA_ti!$BD14=0,10000,TA_ti!G14*TA_ti!G$47*TA_ti!$BD14) -> 10000 | H14: =+IF(TA_ti!H14*TA_ti!H$47*TA_ti!$BD14=0,10000,TA_ti!H14*TA_ti!H$47*TA_ti!$BD14) -> 10000 | I14: =+IF(TA_ti!I14*TA_ti!I$47*TA_ti!$BD14=0,10000,TA_ti!I14*TA_ti!I$47*TA_ti!$BD14) -> 10000 | ... BC14: =+IF(TA_ti!BC14*TA_ti!BC$47*TA_ti!$BD14=0,10000,TA_ti!BC14*TA_ti!BC$47*TA_ti!$BD14) -> 10000
... A46: T45 | B46: =+IF(TA_ti!B46*TA_ti!B$47*TA_ti!$BD46=0,10000,TA_ti!B46*TA_ti!B$47*TA_ti!$BD46) -> 10000 | C46: =+IF(TA_ti!C46*TA_ti!C$47*TA_ti!$BD46=0,10000,TA_ti!C46*TA_ti!C$47*TA_ti!$BD46) -> 10000 | D46: =+IF(TA_ti!D46*TA_ti!D$47*TA_ti!$BD46=0,10000,TA_ti!D46*TA_ti!D$47*TA_ti!$BD46) -> 10000 | E46: =+IF(TA_ti!E46*TA_ti!E$47*TA_ti!$BD46=0,10000,TA_ti!E46*TA_ti!E$47*TA_ti!$BD46) -> 10000 | F46: =+IF(TA_ti!F46*TA_ti!F$47*TA_ti!$BD46=0,10000,TA_ti!F46*TA_ti!F$47*TA_ti!$BD46) -> 10000 | G46: =+IF(TA_ti!G46*TA_ti!G$47*TA_ti!$BD46=0,10000,TA_ti!G46*TA_ti!G$47*TA_ti!$BD46) -> 10000 | H46: =+IF(TA_ti!H46*TA_ti!H$47*TA_ti!$BD46=0,10000,TA_ti!H46*TA_ti!H$47*TA_ti!$BD46) -> 10000 | I46: =+IF(TA_ti!I46*TA_ti!I$47*TA_ti!$BD46=0,10000,TA_ti!I46*TA_ti!I$47*TA_ti!$BD46) -> 10000 | ... BC46: =+IF(TA_ti!BC46*TA_ti!BC$47*TA_ti!$BD46=0,10000,TA_ti!BC46*TA_ti!BC$47*TA_ti!$BD46) -> 10000

Sheet TA_tis2
B1: O1 | C1: O2 | D1: O3 | E1: O4 | F1: O5 | G1: O6 | H1: O7 | I1: O8 | J1: O9 | K1: O10 | L1: O11 | M1: O12 | N1: O13 | O1: O14 | P1: O15 | Q1: O16 | R1: O17 | S1: OP1 | T1: OP2 | U1: OP3 | V1: OP4 | W1: OP5 | X1: OP6 | Y1: OP7 | Z1: OP8 | AA1: OP9 | AB1: OP10 | AC1: E1 | AD1: E2 | AE1: E3 | AF1: E4 | AG1: E5 | AH1: E6 | AI1: E7 | AJ1: E8 | AK1: E9 | AL1: E10 | AM1: E11 | AN1: C1 | AO1: C2 | AP1: C3 | AQ1: C4 | AR1: C5 | AS1: C6 | AT1: C7 | AU1: C8 | AV1: C9 | AW1: L1 | AX1: L2 | AY1: S1 | AZ1: S2 | BA1: U1 | BB1: U2 | BC1: U3
A2: ="T"&_xlfn.SEQUENCE(36,1,1,1) -> T1 | B2: =+IF(TA_ti!B2*TA_ti!B$48*TA_ti!$BE2=0,10000,TA_ti!B2*TA_ti!B$48*TA_ti!$BE2) -> 10000 | C2: =+IF(TA_ti!C2*TA_ti!C$48*TA_ti!$BE2=0,10000,TA_ti!C2*TA_ti!C$48*TA_ti!$BE2) -> 10000 | D2: =+IF(TA_ti!D2*TA_ti!D$48*TA_ti!$BE2=0,10000,TA_ti!D2*TA_ti!D$48*TA_ti!$BE2) -> 10000 | E2: =+IF(TA_ti!E2*TA_ti!E$48*TA_ti!$BE2=0,10000,TA_ti!E2*TA_ti!E$48*TA_ti!$BE2) -> 10000 | F2: =+IF(TA_ti!F2*TA_ti!F$48*TA_ti!$BE2=0,10000,TA_ti!F2*TA_ti!F$48*TA_ti!$BE2) -> 10000 | G2: =+IF(TA_ti!G2*TA_ti!G$48*TA_ti!$BE2=0,10000,TA_ti!G2*TA_ti!G$48*TA_ti!$BE2) -> 10000 | H2: =+IF(TA_ti!H2*TA_ti!H$48*TA_ti!$BE2=0,10000,TA_ti!H2*TA_ti!H$48*TA_ti!$BE2) -> 10000 | I2: =+IF(TA_ti!I2*TA_ti!I$48*TA_ti!$BE2=0,10000,TA_ti!I2*TA_ti!I$48*TA_ti!$BE2) -> 10000 | ... BC2: =+IF(TA_ti!BC2*TA_ti!BC$48*TA_ti!$BE2=0,10000,TA_ti!BC2*TA_ti!BC$48*TA_ti!$BE2) -> 10000
A3: T2 | B3: =+IF(TA_ti!B3*TA_ti!B$48*TA_ti!$BE3=0,10000,TA_ti!B3*TA_ti!B$48*TA_ti!$BE3) -> 10000 | C3: =+IF(TA_ti!C3*TA_ti!C$48*TA_ti!$BE3=0,10000,TA_ti!C3*TA_ti!C$48*TA_ti!$BE3) -> 10000 | D3: =+IF(TA_ti!D3*TA_ti!D$48*TA_ti!$BE3=0,10000,TA_ti!D3*TA_ti!D$48*TA_ti!$BE3) -> 10000 | E3: =+IF(TA_ti!E3*TA_ti!E$48*TA_ti!$BE3=0,10000,TA_ti!E3*TA_ti!E$48*TA_ti!$BE3) -> 10000 | F3: =+IF(TA_ti!F3*TA_ti!F$48*TA_ti!$BE3=0,10000,TA_ti!F3*TA_ti!F$48*TA_ti!$BE3) -> 10000 | G3: =+IF(TA_ti!G3*TA_ti!G$48*TA_ti!$BE3=0,10000,TA_ti!G3*TA_ti!G$48*TA_ti!$BE3) -> 12 | H3: =+IF(TA_ti!H3*TA_ti!H$48*TA_ti!$BE3=0,10000,TA_ti!H3*TA_ti!H$48*TA_ti!$BE3) -> 10000 | I3: =+IF(TA_ti!I3*TA_ti!I$48*TA_ti!$BE3=0,10000,TA_ti!I3*TA_ti!I$48*TA_ti!$BE3) -> 10000 | ... BC3: =+IF(TA_ti!BC3*TA_ti!BC$48*TA_ti!$BE3=0,10000,TA_ti!BC3*TA_ti!BC$48*TA_ti!$BE3) -> 10000
A4: T3 | B4: =+IF(TA_ti!B4*TA_ti!B$48*TA_ti!$BE4=0,10000,TA_ti!B4*TA_ti!B$48*TA_ti!$BE4) -> 10000 | C4: =+IF(TA_ti!C4*TA_ti!C$48*TA_ti!$BE4=0,10000,TA_ti!C4*TA_ti!C$48*TA_ti!$BE4) -> 10000 | D4: =+IF(TA_ti!D4*TA_ti!D$48*TA_ti!$BE4=0,10000,TA_ti!D4*TA_ti!D$48*TA_ti!$BE4) -> 10000 | E4: =+IF(TA_ti!E4*TA_ti!E$48*TA_ti!$BE4=0,10000,TA_ti!E4*TA_ti!E$48*TA_ti!$BE4) -> 10000 | F4: =+IF(TA_ti!F4*TA_ti!F$48*TA_ti!$BE4=0,10000,TA_ti!F4*TA_ti!F$48*TA_ti!$BE4) -> 10000 | G4: =+IF(TA_ti!G4*TA_ti!G$48*TA_ti!$BE4=0,10000,TA_ti!G4*TA_ti!G$48*TA_ti!$BE4) -> 12 | H4: =+IF(TA_ti!H4*TA_ti!H$48*TA_ti!$BE4=0,10000,TA_ti!H4*TA_ti!H$48*TA_ti!$BE4) -> 10000 | I4: =+IF(TA_ti!I4*TA_ti!I$48*TA_ti!$BE4=0,10000,TA_ti!I4*TA_ti!I$48*TA_ti!$BE4) -> 10000 | ... BC4: =+IF(TA_ti!BC4*TA_ti!BC$48*TA_ti!$BE4=0,10000,TA_ti!BC4*TA_ti!BC$48*TA_ti!$BE4) -> 10000
A5: T4 | B5: =+IF(TA_ti!B5*TA_ti!B$48*TA_ti!$BE5=0,10000,TA_ti!B5*TA_ti!B$48*TA_ti!$BE5) -> 10000 | C5: =+IF(TA_ti!C5*TA_ti!C$48*TA_ti!$BE5=0,10000,TA_ti!C5*TA_ti!C$48*TA_ti!$BE5) -> 10000 | D5: =+IF(TA_ti!D5*TA_ti!D$48*TA_ti!$BE5=0,10000,TA_ti!D5*TA_ti!D$48*TA_ti!$BE5) -> 10000 | E5: =+IF(TA_ti!E5*TA_ti!E$48*TA_ti!$BE5=0,10000,TA_ti!E5*TA_ti!E$48*TA_ti!$BE5) -> 10000 | F5: =+IF(TA_ti!F5*TA_ti!F$48*TA_ti!$BE5=0,10000,TA_ti!F5*TA_ti!F$48*TA_ti!$BE5) -> 10000 | G5: =+IF(TA_ti!G5*TA_ti!G$48*TA_ti!$BE5=0,10000,TA_ti!G5*TA_ti!G$48*TA_ti!$BE5) -> 12 | H5: =+IF(TA_ti!H5*TA_ti!H$48*TA_ti!$BE5=0,10000,TA_ti!H5*TA_ti!H$48*TA_ti!$BE5) -> 10000 | I5: =+IF(TA_ti!I5*TA_ti!I$48*TA_ti!$BE5=0,10000,TA_ti!I5*TA_ti!I$48*TA_ti!$BE5) -> 10000 | ... BC5: =+IF(TA_ti!BC5*TA_ti!BC$48*TA_ti!$BE5=0,10000,TA_ti!BC5*TA_ti!BC$48*TA_ti!$BE5) -> 10000
A6: T5 | B6: =+IF(TA_ti!B6*TA_ti!B$48*TA_ti!$BE6=0,10000,TA_ti!B6*TA_ti!B$48*TA_ti!$BE6) -> 10000 | C6: =+IF(TA_ti!C6*TA_ti!C$48*TA_ti!$BE6=0,10000,TA_ti!C6*TA_ti!C$48*TA_ti!$BE6) -> 10000 | D6: =+IF(TA_ti!D6*TA_ti!D$48*TA_ti!$BE6=0,10000,TA_ti!D6*TA_ti!D$48*TA_ti!$BE6) -> 10000 | E6: =+IF(TA_ti!E6*TA_ti!E$48*TA_ti!$BE6=0,10000,TA_ti!E6*TA_ti!E$48*TA_ti!$BE6) -> 10000 | F6: =+IF(TA_ti!F6*TA_ti!F$48*TA_ti!$BE6=0,10000,TA_ti!F6*TA_ti!F$48*TA_ti!$BE6) -> 10000 | G6: =+IF(TA_ti!G6*TA_ti!G$48*TA_ti!$BE6=0,10000,TA_ti!G6*TA_ti!G$48*TA_ti!$BE6) -> 12 | H6: =+IF(TA_ti!H6*TA_ti!H$48*TA_ti!$BE6=0,10000,TA_ti!H6*TA_ti!H$48*TA_ti!$BE6) -> 10000 | I6: =+IF(TA_ti!I6*TA_ti!I$48*TA_ti!$BE6=0,10000,TA_ti!I6*TA_ti!I$48*TA_ti!$BE6) -> 10000 | ... BC6: =+IF(TA_ti!BC6*TA_ti!BC$48*TA_ti!$BE6=0,10000,TA_ti!BC6*TA_ti!BC$48*TA_ti!$BE6) -> 10000
A7: T6 | B7: =+IF(TA_ti!B7*TA_ti!B$48*TA_ti!$BE7=0,10000,TA_ti!B7*TA_ti!B$48*TA_ti!$BE7) -> 10000 | C7: =+IF(TA_ti!C7*TA_ti!C$48*TA_ti!$BE7=0,10000,TA_ti!C7*TA_ti!C$48*TA_ti!$BE7) -> 10000 | D7: =+IF(TA_ti!D7*TA_ti!D$48*TA_ti!$BE7=0,10000,TA_ti!D7*TA_ti!D$48*TA_ti!$BE7) -> 10000 | E7: =+IF(TA_ti!E7*TA_ti!E$48*TA_ti!$BE7=0,10000,TA_ti!E7*TA_ti!E$48*TA_ti!$BE7) -> 10000 | F7: =+IF(TA_ti!F7*TA_ti!F$48*TA_ti!$BE7=0,10000,TA_ti!F7*TA_ti!F$48*TA_ti!$BE7) -> 10000 | G7: =+IF(TA_ti!G7*TA_ti!G$48*TA_ti!$BE7=0,10000,TA_ti!G7*TA_ti!G$48*TA_ti!$BE7) -> 12 | H7: =+IF(TA_ti!H7*TA_ti!H$48*TA_ti!$BE7=0,10000,TA_ti!H7*TA_ti!H$48*TA_ti!$BE7) -> 10000 | I7: =+IF(TA_ti!I7*TA_ti!I$48*TA_ti!$BE7=0,10000,TA_ti!I7*TA_ti!I$48*TA_ti!$BE7) -> 10000 | ... BC7: =+IF(TA_ti!BC7*TA_ti!BC$48*TA_ti!$BE7=0,10000,TA_ti!BC7*TA_ti!BC$48*TA_ti!$BE7) -> 10000
A8: T7 | B8: =+IF(TA_ti!B8*TA_ti!B$48*TA_ti!$BE8=0,10000,TA_ti!B8*TA_ti!B$48*TA_ti!$BE8) -> 10000 | C8: =+IF(TA_ti!C8*TA_ti!C$48*TA_ti!$BE8=0,10000,TA_ti!C8*TA_ti!C$48*TA_ti!$BE8) -> 10000 | D8: =+IF(TA_ti!D8*TA_ti!D$48*TA_ti!$BE8=0,10000,TA_ti!D8*TA_ti!D$48*TA_ti!$BE8) -> 10000 | E8: =+IF(TA_ti!E8*TA_ti!E$48*TA_ti!$BE8=0,10000,TA_ti!E8*TA_ti!E$48*TA_ti!$BE8) -> 10000 | F8: =+IF(TA_ti!F8*TA_ti!F$48*TA_ti!$BE8=0,10000,TA_ti!F8*TA_ti!F$48*TA_ti!$BE8) -> 10000 | G8: =+IF(TA_ti!G8*TA_ti!G$48*TA_ti!$BE8=0,10000,TA_ti!G8*TA_ti!G$48*TA_ti!$BE8) -> 12 | H8: =+IF(TA_ti!H8*TA_ti!H$48*TA_ti!$BE8=0,10000,TA_ti!H8*TA_ti!H$48*TA_ti!$BE8) -> 10000 | I8: =+IF(TA_ti!I8*TA_ti!I$48*TA_ti!$BE8=0,10000,TA_ti!I8*TA_ti!I$48*TA_ti!$BE8) -> 10000 | ... BC8: =+IF(TA_ti!BC8*TA_ti!BC$48*TA_ti!$BE8=0,10000,TA_ti!BC8*TA_ti!BC$48*TA_ti!$BE8) -> 10000
A9: T8 | B9: =+IF(TA_ti!B9*TA_ti!B$48*TA_ti!$BE9=0,10000,TA_ti!B9*TA_ti!B$48*TA_ti!$BE9) -> 10000 | C9: =+IF(TA_ti!C9*TA_ti!C$48*TA_ti!$BE9=0,10000,TA_ti!C9*TA_ti!C$48*TA_ti!$BE9) -> 10000 | D9: =+IF(TA_ti!D9*TA_ti!D$48*TA_ti!$BE9=0,10000,TA_ti!D9*TA_ti!D$48*TA_ti!$BE9) -> 10000 | E9: =+IF(TA_ti!E9*TA_ti!E$48*TA_ti!$BE9=0,10000,TA_ti!E9*TA_ti!E$48*TA_ti!$BE9) -> 10000 | F9: =+IF(TA_ti!F9*TA_ti!F$48*TA_ti!$BE9=0,10000,TA_ti!F9*TA_ti!F$48*TA_ti!$BE9) -> 10000 | G9: =+IF(TA_ti!G9*TA_ti!G$48*TA_ti!$BE9=0,10000,TA_ti!G9*TA_ti!G$48*TA_ti!$BE9) -> 12 | H9: =+IF(TA_ti!H9*TA_ti!H$48*TA_ti!$BE9=0,10000,TA_ti!H9*TA_ti!H$48*TA_ti!$BE9) -> 10000 | I9: =+IF(TA_ti!I9*TA_ti!I$48*TA_ti!$BE9=0,10000,TA_ti!I9*TA_ti!I$48*TA_ti!$BE9) -> 10000 | ... BC9: =+IF(TA_ti!BC9*TA_ti!BC$48*TA_ti!$BE9=0,10000,TA_ti!BC9*TA_ti!BC$48*TA_ti!$BE9) -> 10000
A10: T9 | B10: =+IF(TA_ti!B10*TA_ti!B$48*TA_ti!$BE10=0,10000,TA_ti!B10*TA_ti!B$48*TA_ti!$BE10) -> 10000 | C10: =+IF(TA_ti!C10*TA_ti!C$48*TA_ti!$BE10=0,10000,TA_ti!C10*TA_ti!C$48*TA_ti!$BE10) -> 10000 | D10: =+IF(TA_ti!D10*TA_ti!D$48*TA_ti!$BE10=0,10000,TA_ti!D10*TA_ti!D$48*TA_ti!$BE10) -> 10000 | E10: =+IF(TA_ti!E10*TA_ti!E$48*TA_ti!$BE10=0,10000,TA_ti!E10*TA_ti!E$48*TA_ti!$BE10) -> 10000 | F10: =+IF(TA_ti!F10*TA_ti!F$48*TA_ti!$BE10=0,10000,TA_ti!F10*TA_ti!F$48*TA_ti!$BE10) -> 10000 | G10: =+IF(TA_ti!G10*TA_ti!G$48*TA_ti!$BE10=0,10000,TA_ti!G10*TA_ti!G$48*TA_ti!$BE10) -> 12 | H10: =+IF(TA_ti!H10*TA_ti!H$48*TA_ti!$BE10=0,10000,TA_ti!H10*TA_ti!H$48*TA_ti!$BE10) -> 10000 | I10: =+IF(TA_ti!I10*TA_ti!I$48*TA_ti!$BE10=0,10000,TA_ti!I10*TA_ti!I$48*TA_ti!$BE10) -> 10000 | ... BC10: =+IF(TA_ti!BC10*TA_ti!BC$48*TA_ti!$BE10=0,10000,TA_ti!BC10*TA_ti!BC$48*TA_ti!$BE10) -> 10000
A11: T10 | B11: =+IF(TA_ti!B11*TA_ti!B$48*TA_ti!$BE11=0,10000,TA_ti!B11*TA_ti!B$48*TA_ti!$BE11) -> 10000 | C11: =+IF(TA_ti!C11*TA_ti!C$48*TA_ti!$BE11=0,10000,TA_ti!C11*TA_ti!C$48*TA_ti!$BE11) -> 10000 | D11: =+IF(TA_ti!D11*TA_ti!D$48*TA_ti!$BE11=0,10000,TA_ti!D11*TA_ti!D$48*TA_ti!$BE11) -> 10000 | E11: =+IF(TA_ti!E11*TA_ti!E$48*TA_ti!$BE11=0,10000,TA_ti!E11*TA_ti!E$48*TA_ti!$BE11) -> 10000 | F11: =+IF(TA_ti!F11*TA_ti!F$48*TA_ti!$BE11=0,10000,TA_ti!F11*TA_ti!F$48*TA_ti!$BE11) -> 15 | G11: =+IF(TA_ti!G11*TA_ti!G$48*TA_ti!$BE11=0,10000,TA_ti!G11*TA_ti!G$48*TA_ti!$BE11) -> 10000 | H11: =+IF(TA_ti!H11*TA_ti!H$48*TA_ti!$BE11=0,10000,TA_ti!H11*TA_ti!H$48*TA_ti!$BE11) -> 10000 | I11: =+IF(TA_ti!I11*TA_ti!I$48*TA_ti!$BE11=0,10000,TA_ti!I11*TA_ti!I$48*TA_ti!$BE11) -> 10000 | ... BC11: =+IF(TA_ti!BC11*TA_ti!BC$48*TA_ti!$BE11=0,10000,TA_ti!BC11*TA_ti!BC$48*TA_ti!$BE11) -> 10000
A12: T11 | B12: =+IF(TA_ti!B12*TA_ti!B$48*TA_ti!$BE12=0,10000,TA_ti!B12*TA_ti!B$48*TA_ti!$BE12) -> 10000 | C12: =+IF(TA_ti!C12*TA_ti!C$48*TA_ti!$BE12=0,10000,TA_ti!C12*TA_ti!C$48*TA_ti!$BE12) -> 10000 | D12: =+IF(TA_ti!D12*TA_ti!D$48*TA_ti!$BE12=0,10000,TA_ti!D12*TA_ti!D$48*TA_ti!$BE12) -> 10000 | E12: =+IF(TA_ti!E12*TA_ti!E$48*TA_ti!$BE12=0,10000,TA_ti!E12*TA_ti!E$48*TA_ti!$BE12) -> 10000 | F12: =+IF(TA_ti!F12*TA_ti!F$48*TA_ti!$BE12=0,10000,TA_ti!F12*TA_ti!F$48*TA_ti!$BE12) -> 10000 | G12: =+IF(TA_ti!G12*TA_ti!G$48*TA_ti!$BE12=0,10000,TA_ti!G12*TA_ti!G$48*TA_ti!$BE12) -> 12 | H12: =+IF(TA_ti!H12*TA_ti!H$48*TA_ti!$BE12=0,10000,TA_ti!H12*TA_ti!H$48*TA_ti!$BE12) -> 10000 | I12: =+IF(TA_ti!I12*TA_ti!I$48*TA_ti!$BE12=0,10000,TA_ti!I12*TA_ti!I$48*TA_ti!$BE12) -> 10000 | ... BC12: =+IF(TA_ti!BC12*TA_ti!BC$48*TA_ti!$BE12=0,10000,TA_ti!BC12*TA_ti!BC$48*TA_ti!$BE12) -> 10000
A13: T12 | B13: =+IF(TA_ti!B13*TA_ti!B$48*TA_ti!$BE13=0,10000,TA_ti!B13*TA_ti!B$48*TA_ti!$BE13) -> 10000 | C13: =+IF(TA_ti!C13*TA_ti!C$48*TA_ti!$BE13=0,10000,TA_ti!C13*TA_ti!C$48*TA_ti!$BE13) -> 10000 | D13: =+IF(TA_ti!D13*TA_ti!D$48*TA_ti!$BE13=0,10000,TA_ti!D13*TA_ti!D$48*TA_ti!$BE13) -> 10000 | E13: =+IF(TA_ti!E13*TA_ti!E$48*TA_ti!$BE13=0,10000,TA_ti!E13*TA_ti!E$48*TA_ti!$BE13) -> 10000 | F13: =+IF(TA_ti!F13*TA_ti!F$48*TA_ti!$BE13=0,10000,TA_ti!F13*TA_ti!F$48*TA_ti!$BE13) -> 15 | G13: =+IF(TA_ti!G13*TA_ti!G$48*TA_ti!$BE13=0,10000,TA_ti!G13*TA_ti!G$48*TA_ti!$BE13) -> 10000 | H13: =+IF(TA_ti!H13*TA_ti!H$48*TA_ti!$BE13=0,10000,TA_ti!H13*TA_ti!H$48*TA_ti!$BE13) -> 10000 | I13: =+IF(TA_ti!I13*TA_ti!I$48*TA_ti!$BE13=0,10000,TA_ti!I13*TA_ti!I$48*TA_ti!$BE13) -> 10000 | ... BC13: =+IF(TA_ti!BC13*TA_ti!BC$48*TA_ti!$BE13=0,10000,TA_ti!BC13*TA_ti!BC$48*TA_ti!$BE13) -> 10000
A14: T13 | B14: =+IF(TA_ti!B14*TA_ti!B$48*TA_ti!$BE14=0,10000,TA_ti!B14*TA_ti!B$48*TA_ti!$BE14) -> 10000 | C14: =+IF(TA_ti!C14*TA_ti!C$48*TA_ti!$BE14=0,10000,TA_ti!C14*TA_ti!C$48*TA_ti!$BE14) -> 10000 | D14: =+IF(TA_ti!D14*TA_ti!D$48*TA_ti!$BE14=0,10000,TA_ti!D14*TA_ti!D$48*TA_ti!$BE14) -> 10000 | E14: =+IF(TA_ti!E14*TA_ti!E$48*TA_ti!$BE14=0,10000,TA_ti!E14*TA_ti!E$48*TA_ti!$BE14) -> 10000 | F14: =+IF(TA_ti!F14*TA_ti!F$48*TA_ti!$BE14=0,10000,TA_ti!F14*TA_ti!F$48*TA_ti!$BE14) -> 10000 | G14: =+IF(TA_ti!G14*TA_ti!G$48*TA_ti!$BE14=0,10000,TA_ti!G14*TA_ti!G$48*TA_ti!$BE14) -> 10000 | H14: =+IF(TA_ti!H14*TA_ti!H$48*TA_ti!$BE14=0,10000,TA_ti!H14*TA_ti!H$48*TA_ti!$BE14) -> 10000 | I14: =+IF(TA_ti!I14*TA_ti!I$48*TA_ti!$BE14=0,10000,TA_ti!I14*TA_ti!I$48*TA_ti!$BE14) -> 10000 | ... BC14: =+IF(TA_ti!BC14*TA_ti!BC$48*TA_ti!$BE14=0,10000,TA_ti!BC14*TA_ti!BC$48*TA_ti!$BE14) -> 10000
... A46: T45 | B46: =+IF(TA_ti!B46*TA_ti!B$48*TA_ti!$BE46=0,10000,TA_ti!B46*TA_ti!B$48*TA_ti!$BE46) -> 10000 | C46: =+IF(TA_ti!C46*TA_ti!C$48*TA_ti!$BE46=0,10000,TA_ti!C46*TA_ti!C$48*TA_ti!$BE46) -> 10000 | D46: =+IF(TA_ti!D46*TA_ti!D$48*TA_ti!$BE46=0,10000,TA_ti!D46*TA_ti!D$48*TA_ti!$BE46) -> 10000 | E46: =+IF(TA_ti!E46*TA_ti!E$48*TA_ti!$BE46=0,10000,TA_ti!E46*TA_ti!E$48*TA_ti!$BE46) -> 10000 | F46: =+IF(TA_ti!F46*TA_ti!F$48*TA_ti!$BE46=0,10000,TA_ti!F46*TA_ti!F$48*TA_ti!$BE46) -> 10000 | G46: =+IF(TA_ti!G46*TA_ti!G$48*TA_ti!$BE46=0,10000,TA_ti!G46*TA_ti!G$48*TA_ti!$BE46) -> 10000 | H46: =+IF(TA_ti!H46*TA_ti!H$48*TA_ti!$BE46=0,10000,TA_ti!H46*TA_ti!H$48*TA_ti!$BE46) -> 10000 | I46: =+IF(TA_ti!I46*TA_ti!I$48*TA_ti!$BE46=0,10000,TA_ti!I46*TA_ti!I$48*TA_ti!$BE46) -> 10000 | ... BC46: =+IF(TA_ti!BC46*TA_ti!BC$48*TA_ti!$BE46=0,10000,TA_ti!BC46*TA_ti!BC$48*TA_ti!$BE46) -> 10000

Sheet TA_tis3
B1: O1 | C1: O2 | D1: O3 | E1: O4 | F1: O5 | G1: O6 | H1: O7 | I1: O8 | J1: O9 | K1: O10 | L1: O11 | M1: O12 | N1: O13 | O1: O14 | P1: O15 | Q1: O16 | R1: O17 | S1: OP1 | T1: OP2 | U1: OP3 | V1: OP4 | W1: OP5 | X1: OP6 | Y1: OP7 | Z1: OP8 | AA1: OP9 | AB1: OP10 | AC1: E1 | AD1: E2 | AE1: E3 | AF1: E4 | AG1: E5 | AH1: E6 | AI1: E7 | AJ1: E8 | AK1: E9 | AL1: E10 | AM1: E11 | AN1: C1 | AO1: C2 | AP1: C3 | AQ1: C4 | AR1: C5 | AS1: C6 | AT1: C7 | AU1: C8 | AV1: C9 | AW1: L1 | AX1: L2 | AY1: S1 | AZ1: S2 | BA1: U1 | BB1: U2 | BC1: U3
A2: ="T"&_xlfn.SEQUENCE(36,1,1,1) -> T1 | B2: =+IF(TA_ti!B2*TA_ti!B$49*TA_ti!$BF2=0,10000,TA_ti!B2*TA_ti!B$49*TA_ti!$BF2) -> 10000 | C2: =+IF(TA_ti!C2*TA_ti!C$49*TA_ti!$BF2=0,10000,TA_ti!C2*TA_ti!C$49*TA_ti!$BF2) -> 10000 | D2: =+IF(TA_ti!D2*TA_ti!D$49*TA_ti!$BF2=0,10000,TA_ti!D2*TA_ti!D$49*TA_ti!$BF2) -> 10000 | E2: =+IF(TA_ti!E2*TA_ti!E$49*TA_ti!$BF2=0,10000,TA_ti!E2*TA_ti!E$49*TA_ti!$BF2) -> 10000 | F2: =+IF(TA_ti!F2*TA_ti!F$49*TA_ti!$BF2=0,10000,TA_ti!F2*TA_ti!F$49*TA_ti!$BF2) -> 10000 | G2: =+IF(TA_ti!G2*TA_ti!G$49*TA_ti!$BF2=0,10000,TA_ti!G2*TA_ti!G$49*TA_ti!$BF2) -> 10000 | H2: =+IF(TA_ti!H2*TA_ti!H$49*TA_ti!$BF2=0,10000,TA_ti!H2*TA_ti!H$49*TA_ti!$BF2) -> 10000 | I2: =+IF(TA_ti!I2*TA_ti!I$49*TA_ti!$BF2=0,10000,TA_ti!I2*TA_ti!I$49*TA_ti!$BF2) -> 10000 | ... BC2: =+IF(TA_ti!BC2*TA_ti!BC$49*TA_ti!$BF2=0,10000,TA_ti!BC2*TA_ti!BC$49*TA_ti!$BF2) -> 10000
A3: T2 | B3: =+IF(TA_ti!B3*TA_ti!B$49*TA_ti!$BF3=0,10000,TA_ti!B3*TA_ti!B$49*TA_ti!$BF3) -> 10000 | C3: =+IF(TA_ti!C3*TA_ti!C$49*TA_ti!$BF3=0,10000,TA_ti!C3*TA_ti!C$49*TA_ti!$BF3) -> 10000 | D3: =+IF(TA_ti!D3*TA_ti!D$49*TA_ti!$BF3=0,10000,TA_ti!D3*TA_ti!D$49*TA_ti!$BF3) -> 10000 | E3: =+IF(TA_ti!E3*TA_ti!E$49*TA_ti!$BF3=0,10000,TA_ti!E3*TA_ti!E$49*TA_ti!$BF3) -> 10000 | F3: =+IF(TA_ti!F3*TA_ti!F$49*TA_ti!$BF3=0,10000,TA_ti!F3*TA_ti!F$49*TA_ti!$BF3) -> 10000 | G3: =+IF(TA_ti!G3*TA_ti!G$49*TA_ti!$BF3=0,10000,TA_ti!G3*TA_ti!G$49*TA_ti!$BF3) -> 12 | H3: =+IF(TA_ti!H3*TA_ti!H$49*TA_ti!$BF3=0,10000,TA_ti!H3*TA_ti!H$49*TA_ti!$BF3) -> 10000 | I3: =+IF(TA_ti!I3*TA_ti!I$49*TA_ti!$BF3=0,10000,TA_ti!I3*TA_ti!I$49*TA_ti!$BF3) -> 10000 | ... BC3: =+IF(TA_ti!BC3*TA_ti!BC$49*TA_ti!$BF3=0,10000,TA_ti!BC3*TA_ti!BC$49*TA_ti!$BF3) -> 10000
A4: T3 | B4: =+IF(TA_ti!B4*TA_ti!B$49*TA_ti!$BF4=0,10000,TA_ti!B4*TA_ti!B$49*TA_ti!$BF4) -> 10000 | C4: =+IF(TA_ti!C4*TA_ti!C$49*TA_ti!$BF4=0,10000,TA_ti!C4*TA_ti!C$49*TA_ti!$BF4) -> 10000 | D4: =+IF(TA_ti!D4*TA_ti!D$49*TA_ti!$BF4=0,10000,TA_ti!D4*TA_ti!D$49*TA_ti!$BF4) -> 10000 | E4: =+IF(TA_ti!E4*TA_ti!E$49*TA_ti!$BF4=0,10000,TA_ti!E4*TA_ti!E$49*TA_ti!$BF4) -> 10000 | F4: =+IF(TA_ti!F4*TA_ti!F$49*TA_ti!$BF4=0,10000,TA_ti!F4*TA_ti!F$49*TA_ti!$BF4) -> 10000 | G4: =+IF(TA_ti!G4*TA_ti!G$49*TA_ti!$BF4=0,10000,TA_ti!G4*TA_ti!G$49*TA_ti!$BF4) -> 12 | H4: =+IF(TA_ti!H4*TA_ti!H$49*TA_ti!$BF4=0,10000,TA_ti!H4*TA_ti!H$49*TA_ti!$BF4) -> 10000 | I4: =+IF(TA_ti!I4*TA_ti!I$49*TA_ti!$BF4=0,10000,TA_ti!I4*TA_ti!I$49*TA_ti!$BF4) -> 10000 | ... BC4: =+IF(TA_ti!BC4*TA_ti!BC$49*TA_ti!$BF4=0,10000,TA_ti!BC4*TA_ti!BC$49*TA_ti!$BF4) -> 10000
